date,temperature,windspeed,humidity
2010-01-01,2,14,0.71
2010-01-02,-3,33,0.43
2010-01-03,-5,31,0.42
2010-01-04,-2,20,0.46
2010-01-05,-1,20,0.46
2010-01-06,0,22,0.5
2010-01-07,1,15,0.52
2010-01-08,-2,17,0.61
2010-01-09,-1,20,0.47
2010-01-10,-4,19,0.43
2010-01-11,-2,10,0.51
2010-01-12,0,20,0.48
2010-01-13,1,10,0.52
2010-01-14,3,5,0.57
2010-01-15,5,9,0.63
2010-01-16,4,6,0.76
2010-01-17,5,15,0.86
2010-01-18,8,17,0.68
2010-01-19,7,10,0.71
2010-01-20,4,11,0.61
2010-01-21,3,14,0.6
2010-01-22,4,17,0.67
2010-01-23,4,8,0.58
2010-01-24,6,9,0.78
2010-01-25,14,25,0.7
2010-01-26,5,18,0.47
2010-01-27,3,12,0.48
2010-01-28,4,22,0.47
2010-01-29,-5,22,0.38
2010-01-30,-7,20,0.62
2010-01-31,-4,13,0.44
2010-02-01,-1,8,0.51
2010-02-02,0,7,0.69
2010-02-03,2,9,0.74
2010-02-04,2,12,0.49
2010-02-05,1,12,0.79
2010-02-06,-3,25,0.84
2010-02-07,-4,13,0.59
2010-02-08,-3,14,0.52
2010-02-09,-2,7,0.69
2010-02-10,-3,30,0.79
2010-02-11,1,24,0.54
2010-02-12,0,14,0.52
2010-02-13,-1,20,0.51
2010-02-14,0,17,0.51
2010-02-15,-1,7,0.75
2010-02-16,0,19,0.5
2010-02-17,0,17,0.54
2010-02-18,4,25,0.51
2010-02-19,4,19,0.48
2010-02-20,4,15,0.43
2010-02-21,5,10,0.53
2010-02-22,4,11,0.73
2010-02-23,4,18,0.8
2010-02-24,5,13,0.56
2010-02-25,3,28,0.58
2010-02-26,2,31,0.47
2010-02-27,4,16,0.54
2010-02-28,5,19,0.52
2010-03-01,6,20,0.52
2010-03-02,4,12,0.67
2010-03-03,4,24,0.77
2010-03-04,5,24,0.42
2010-03-05,6,25,0.38
2010-03-06,6,20,0.31
2010-03-07,9,13,0.27
2010-03-08,10,15,0.25
2010-03-09,11,7,0.36
2010-03-10,11,6,0.59
2010-03-11,12,10,0.75
2010-03-12,11,20,0.88
2010-03-13,11,21,0.87
2010-03-14,10,14,0.87
2010-03-15,9,22,0.76
2010-03-16,11,17,0.48
2010-03-17,13,5,0.44
2010-03-18,14,6,0.42
2010-03-19,15,9,0.45
2010-03-20,15,7,0.47
2010-03-21,16,11,0.52
2010-03-22,16,15,0.77
2010-03-23,10,20,0.6
2010-03-24,14,16,0.43
2010-03-25,15,18,0.51
2010-03-26,9,21,0.64
2010-03-27,5,16,0.41
2010-03-28,9,13,0.73
2010-03-29,12,11,0.83
2010-03-30,10,31,0.53
2010-03-31,15,26,0.34
2010-04-01,16,6,0.53
2010-04-02,17,9,0.58
2010-04-03,16,10,0.7
2010-04-04,18,8,0.57
2010-04-05,20,8,0.6
2010-04-06,24,16,0.52
2010-04-07,25,18,0.39
2010-04-08,23,24,0.53
2010-04-09,12,24,0.5
2010-04-10,12,11,0.41
2010-04-11,16,10,0.49
2010-04-12,18,10,0.36
2010-04-13,11,14,0.67
2010-04-14,12,8,0.62
2010-04-15,15,11,0.6
2010-04-16,22,18,0.51
2010-04-17,15,30,0.41
2010-04-18,10,18,0.5
2010-04-19,14,17,0.45
2010-04-20,14,7,0.51
2010-04-21,13,7,0.8
2010-04-22,16,10,0.59
2010-04-23,17,10,0.46
2010-04-24,14,9,0.54
2010-04-25,16,14,0.81
2010-04-26,14,7,0.86
2010-04-27,14,21,0.55
2010-04-28,11,20,0.38
2010-04-29,15,14,0.37
2010-04-30,19,10,0.54
2010-05-01,23,15,0.6
2010-05-02,26,18,0.68
2010-05-03,25,16,0.72
2010-05-04,24,12,0.47
2010-05-05,23,10,0.5
2010-05-06,24,19,0.44
2010-05-07,20,15,0.44
2010-05-08,21,28,0.41
2010-05-09,13,25,0.39
2010-05-10,13,17,0.35
2010-05-11,11,14,0.61
2010-05-12,18,15,0.72
2010-05-13,14,12,0.71
2010-05-14,22,16,0.73
2010-05-15,23,16,0.44
2010-05-16,20,8,0.52
2010-05-17,15,11,0.77
2010-05-18,13,20,0.81
2010-05-19,15,10,0.7
2010-05-20,20,9,0.59
2010-05-21,22,9,0.57
2010-05-22,21,14,0.66
2010-05-23,21,15,0.81
2010-05-24,21,10,0.74
2010-05-25,22,9,0.71
2010-05-26,25,6,0.63
2010-05-27,27,8,0.6
2010-05-28,22,13,0.68
2010-05-29,22,9,0.75
2010-05-30,26,8,0.6
2010-05-31,27,14,0.63
2010-06-01,26,17,0.7
2010-06-02,27,10,0.61
2010-06-03,25,12,0.71
2010-06-04,27,11,0.68
2010-06-05,28,12,0.62
2010-06-06,26,17,0.62
2010-06-07,22,18,0.5
2010-06-08,21,14,0.4
2010-06-09,21,15,0.66
2010-06-10,27,13,0.52
2010-06-11,25,11,0.53
2010-06-12,26,15,0.68
2010-06-13,29,13,0.63
2010-06-14,27,11,0.63
2010-06-15,25,11,0.68
2010-06-16,25,12,0.76
2010-06-17,26,20,0.53
2010-06-18,24,11,0.5
2010-06-19,27,16,0.59
2010-06-20,29,14,0.52
2010-06-21,29,12,0.46
2010-06-22,29,10,0.58
2010-06-23,30,12,0.57
2010-06-24,31,17,0.52
2010-06-25,28,12,0.46
2010-06-26,29,8,0.51
2010-06-27,31,12,0.54
2010-06-28,30,15,0.61
2010-06-29,29,15,0.45
2010-06-30,23,16,0.38
2010-07-01,23,18,0.36
2010-07-02,23,10,0.38
2010-07-03,24,10,0.44
2010-07-04,27,11,0.49
2010-07-05,30,8,0.49
2010-07-06,33,7,0.47
2010-07-07,33,8,0.45
2010-07-08,30,11,0.57
2010-07-09,29,9,0.61
2010-07-10,25,15,0.77
2010-07-11,28,8,0.48
2010-07-12,25,11,0.72
2010-07-13,26,7,0.77
2010-07-14,26,14,0.73
2010-07-15,29,9,0.6
2010-07-16,31,14,0.58
2010-07-17,29,11,0.58
2010-07-18,30,14,0.55
2010-07-19,29,14,0.66
2010-07-20,29,12,0.6
2010-07-21,29,11,0.64
2010-07-22,31,12,0.47
2010-07-23,31,10,0.56
2010-07-24,33,15,0.52
2010-07-25,30,14,0.57
2010-07-26,28,15,0.5
2010-07-27,27,10,0.56
2010-07-28,29,13,0.63
2010-07-29,28,10,0.69
2010-07-30,25,14,0.47
2010-07-31,26,12,0.51
2010-08-01,23,10,0.7
2010-08-02,24,11,0.68
2010-08-03,27,15,0.71
2010-08-04,29,15,0.67
2010-08-05,26,12,0.72
2010-08-06,27,13,0.58
2010-08-07,26,9,0.47
2010-08-08,27,11,0.56
2010-08-09,29,15,0.64
2010-08-10,31,10,0.54
2010-08-11,32,9,0.49
2010-08-12,27,10,0.75
2010-08-13,24,17,0.72
2010-08-14,25,8,0.58
2010-08-15,25,17,0.78
2010-08-16,28,13,0.71
2010-08-17,29,7,0.57
2010-08-18,23,12,0.82
2010-08-19,26,6,0.67
2010-08-20,27,8,0.61
2010-08-21,28,12,0.62
2010-08-22,27,17,0.68
2010-08-23,26,13,0.61
2010-08-24,22,18,0.7
2010-08-25,23,11,0.65
2010-08-26,25,11,0.57
2010-08-27,24,8,0.52
2010-08-28,25,5,0.61
2010-08-29,27,6,0.63
2010-08-30,29,7,0.54
2010-08-31,29,5,0.5
2010-09-01,30,12,0.52
2010-09-02,29,13,0.54
2010-09-03,28,11,0.56
2010-09-04,25,18,0.32
2010-09-05,22,12,0.39
2010-09-06,23,12,0.53
2010-09-07,27,18,0.54
2010-09-08,29,22,0.39
2010-09-09,22,21,0.39
2010-09-10,20,18,0.47
2010-09-11,21,9,0.51
2010-09-12,20,10,0.85
2010-09-13,22,10,0.66
2010-09-14,23,10,0.54
2010-09-15,23,5,0.51
2010-09-16,24,11,0.68
2010-09-17,23,17,0.59
2010-09-18,20,9,0.57
2010-09-19,23,6,0.61
2010-09-20,23,17,0.47
2010-09-21,20,10,0.52
2010-09-22,26,15,0.6
2010-09-23,27,8,0.64
2010-09-24,29,15,0.6
2010-09-25,28,14,0.47
2010-09-26,21,19,0.6
2010-09-27,22,18,0.88
2010-09-28,24,19,0.67
2010-09-29,18,11,0.72
2010-09-30,23,19,0.9
2010-10-01,19,25,0.63
2010-10-02,17,9,0.55
2010-10-03,15,17,0.77
2010-10-04,12,22,0.82
2010-10-05,13,18,0.64
2010-10-06,14,13,0.64
2010-10-07,18,15,0.58
2010-10-08,19,8,0.49
2010-10-09,20,9,0.58
2010-10-10,19,11,0.62
2010-10-11,23,9,0.64
2010-10-12,21,10,0.62
2010-10-13,16,11,0.53
2010-10-14,14,12,0.81
2010-10-15,14,18,0.52
2010-10-16,15,18,0.46
2010-10-17,17,12,0.57
2010-10-18,16,5,0.58
2010-10-19,14,10,0.74
2010-10-20,13,7,0.85
2010-10-21,15,16,0.6
2010-10-22,12,16,0.46
2010-10-23,13,12,0.62
2010-10-24,17,12,0.66
2010-10-25,20,21,0.76
2010-10-26,20,18,0.83
2010-10-27,22,14,0.89
2010-10-28,21,16,0.61
2010-10-29,11,24,0.47
2010-10-30,10,15,0.57
2010-10-31,13,14,0.53
2010-11-01,9,11,0.51
2010-11-02,7,10,0.57
2010-11-03,9,6,0.72
2010-11-04,10,17,0.88
2010-11-05,10,17,0.63
2010-11-06,8,17,0.62
2010-11-07,7,18,0.59
2010-11-08,11,19,0.4
2010-11-09,12,18,0.52
2010-11-10,13,13,0.64
2010-11-11,11,9,0.54
2010-11-12,10,6,0.5
2010-11-13,10,2,0.55
2010-11-14,11,6,0.67
2010-11-15,11,4,0.84
2010-11-16,14,12,0.88
2010-11-17,14,22,0.57
2010-11-18,10,13,0.57
2010-11-19,8,9,0.57
2010-11-20,10,10,0.62
2010-11-21,10,5,0.68
2010-11-22,12,9,0.81
2010-11-23,16,14,0.62
2010-11-24,8,15,0.45
2010-11-25,9,10,0.65
2010-11-26,11,18,0.61
2010-11-27,5,18,0.45
2010-11-28,5,9,0.51
2010-11-29,6,6,0.69
2010-11-30,13,14,0.81
2010-12-01,10,26,0.67
2010-12-02,3,12,0.54
2010-12-03,3,15,0.56
2010-12-04,2,15,0.51
2010-12-05,2,25,0.46
2010-12-06,1,25,0.42
2010-12-07,-1,25,0.42
2010-12-08,-1,17,0.43
2010-12-09,-1,11,0.48
2010-12-10,1,8,0.62
2010-12-11,3,6,0.73
2010-12-12,6,10,0.92
2010-12-13,0,27,0.51
2010-12-14,-5,28,0.43
2010-12-15,-3,20,0.41
2010-12-16,-4,7,0.71
2010-12-17,-1,12,0.6
2010-12-18,-1,6,0.77
2010-12-19,0,16,0.62
2010-12-20,0,22,0.56
2010-12-21,1,17,0.51
2010-12-22,3,18,0.47
2010-12-23,2,32,0.49
2010-12-24,2,22,0.52
2010-12-25,1,11,0.61
2010-12-26,-1,26,0.67
2010-12-27,0,35,0.39
2010-12-28,2,17,0.36
2010-12-29,4,11,0.48
2010-12-30,2,7,0.66
2010-12-31,4,6,0.64
2011-01-01,9,12,0.81
2011-01-02,9,18,0.68
2011-01-03,1,16,0.45
2011-01-04,1,10,0.6
2011-01-05,3,13,0.43
2011-01-06,1,7,0.53
2011-01-07,1,11,0.51
2011-01-08,-1,18,0.53
2011-01-09,-2,24,0.44
2011-01-10,-1,14,0.49
2011-01-11,-1,8,0.68
2011-01-12,-1,20,0.62
2011-01-13,-1,20,0.47
2011-01-14,-1,8,0.54
2011-01-15,3,11,0.5
2011-01-16,2,14,0.49
2011-01-17,0,13,0.56
2011-01-18,1,14,0.88
2011-01-19,6,15,0.74
2011-01-20,4,14,0.54
2011-01-21,0,23,0.46
2011-01-22,-6,12,0.42
2011-01-23,-4,16,0.44
2011-01-24,-4,11,0.51
2011-01-25,2,8,0.62
2011-01-26,2,22,0.88
2011-01-27,1,13,0.68
2011-01-28,1,9,0.79
2011-01-29,1,9,0.65
2011-01-30,2,5,0.71
2011-01-31,0,12,0.61
2011-02-01,1,4,0.84
2011-02-02,4,18,0.76
2011-02-03,0,18,0.45
2011-02-04,2,9,0.59
2011-02-05,3,11,0.94
2011-02-06,5,9,0.57
2011-02-07,4,3,0.76
2011-02-08,2,25,0.52
2011-02-09,-2,13,0.52
2011-02-10,-2,14,0.43
2011-02-11,0,7,0.53
2011-02-12,2,14,0.55
2011-02-13,7,18,0.46
2011-02-14,12,28,0.38
2011-02-15,4,20,0.32
2011-02-16,7,17,0.43
2011-02-17,13,16,0.52
2011-02-18,17,18,0.49
2011-02-19,10,34,0.2
2011-02-20,5,15,0.42
2011-02-21,6,21,0.62
2011-02-22,0,15,0.64
2011-02-23,2,6,0.43
2011-02-24,6,17,0.71
2011-02-25,9,24,0.7
2011-02-26,5,13,0.56
2011-02-27,8,8,0.68
2011-02-28,11,18,0.89
2011-03-01,4,14,0.54
2011-03-02,8,21,0.44
2011-03-03,1,14,0.34
2011-03-04,4,13,0.63
2011-03-05,11,18,0.79
2011-03-06,9,23,0.96
2011-03-07,4,24,0.54
2011-03-08,6,8,0.43
2011-03-09,6,15,0.79
2011-03-10,11,18,0.99
2011-03-11,7,15,0.66
2011-03-12,8,14,0.6
2011-03-13,10,18,0.53
2011-03-14,7,10,0.5
2011-03-15,7,12,0.65
2011-03-16,9,14,0.79
2011-03-17,12,14,0.61
2011-03-18,18,15,0.52
2011-03-19,14,25,0.38
2011-03-20,8,14,0.48
2011-03-21,12,20,0.74
2011-03-22,13,15,0.63
2011-03-23,8,15,0.85
2011-03-24,5,16,0.81
2011-03-25,4,16,0.5
2011-03-26,4,14,0.4
2011-03-27,3,13,0.52
2011-03-28,4,15,0.3
2011-03-29,6,15,0.32
2011-03-30,6,11,0.64
2011-03-31,4,15,0.92
2011-04-01,6,17,0.7
2011-04-02,7,13,0.66
2011-04-03,10,12,0.48
2011-04-04,20,26,0.43
2011-04-05,12,27,0.65
2011-04-06,11,18,0.47
2011-04-07,13,11,0.61
2011-04-08,8,15,0.84
2011-04-09,8,9,0.88
2011-04-10,12,10,0.86
2011-04-11,20,22,0.73
2011-04-12,16,19,0.73
2011-04-13,12,17,0.83
2011-04-14,14,8,0.55
2011-04-15,13,15,0.68
2011-04-16,12,22,0.9
2011-04-17,14,20,0.48
2011-04-18,17,11,0.54
2011-04-19,16,11,0.67
2011-04-20,20,16,0.62
2011-04-21,14,22,0.41
2011-04-22,8,15,0.72
2011-04-23,14,15,0.89
2011-04-24,20,14,0.79
2011-04-25,21,12,0.78
2011-04-26,23,22,0.73
2011-04-27,22,21,0.84
2011-04-28,22,22,0.71
2011-04-29,16,16,0.46
2011-04-30,15,16,0.51
2011-05-01,14,7,0.77
2011-05-02,18,12,0.73
2011-05-03,22,23,0.7
2011-05-04,12,22,0.74
2011-05-05,14,20,0.44
2011-05-06,15,14,0.6
2011-05-07,17,11,0.54
2011-05-08,17,5,0.64
2011-05-09,18,12,0.59
2011-05-10,18,9,0.49
2011-05-11,18,8,0.63
2011-05-12,18,13,0.75
2011-05-13,17,12,0.86
2011-05-14,17,9,0.92
2011-05-15,19,11,0.87
2011-05-16,20,10,0.8
2011-05-17,19,20,0.83
2011-05-18,18,13,0.88
2011-05-19,17,7,0.84
2011-05-20,18,9,0.72
2011-05-21,21,9,0.63
2011-05-22,21,10,0.75
2011-05-23,22,16,0.82
2011-05-24,24,14,0.74
2011-05-25,24,10,0.7
2011-05-26,26,13,0.68
2011-05-27,25,16,0.64
2011-05-28,24,15,0.73
2011-05-29,24,14,0.82
2011-05-30,28,9,0.67
2011-05-31,30,8,0.63
2011-06-01,29,14,0.69
2011-06-02,27,20,0.31
2011-06-03,22,17,0.36
2011-06-04,23,8,0.46
2011-06-05,23,10,0.65
2011-06-06,25,9,0.6
2011-06-07,26,13,0.6
2011-06-08,30,9,0.62
2011-06-09,31,10,0.57
2011-06-10,29,10,0.61
2011-06-11,27,11,0.65
2011-06-12,26,11,0.75
2011-06-13,23,21,0.5
2011-06-14,21,18,0.51
2011-06-15,22,13,0.47
2011-06-16,22,14,0.68
2011-06-17,23,10,0.76
2011-06-18,26,8,0.67
2011-06-19,26,7,0.67
2011-06-20,23,10,0.75
2011-06-21,25,12,0.77
2011-06-22,28,12,0.71
2011-06-23,27,16,0.7
2011-06-24,27,15,0.57
2011-06-25,26,15,0.49
2011-06-26,25,7,0.51
2011-06-27,25,7,0.66
2011-06-28,28,11,0.63
2011-06-29,27,18,0.5
2011-06-30,26,12,0.44
2011-07-01,27,8,0.4
2011-07-02,28,8,0.44
2011-07-03,26,13,0.71
2011-07-04,27,6,0.64
2011-07-05,28,9,0.59
2011-07-06,27,10,0.74
2011-07-07,29,11,0.65
2011-07-08,26,14,0.77
2011-07-09,28,12,0.61
2011-07-10,28,12,0.58
2011-07-11,29,19,0.63
2011-07-12,31,14,0.56
2011-07-13,28,10,0.65
2011-07-14,25,16,0.48
2011-07-15,24,12,0.59
2011-07-16,25,14,0.58
2011-07-17,27,16,0.6
2011-07-18,28,14,0.65
2011-07-19,30,9,0.64
2011-07-20,29,8,0.71
2011-07-21,32,15,0.68
2011-07-22,33,9,0.58
2011-07-23,33,10,0.5
2011-07-24,32,11,0.55
2011-07-25,28,6,0.76
2011-07-26,30,14,0.54
2011-07-27,30,14,0.4
2011-07-28,30,12,0.58
2011-07-29,33,13,0.54
2011-07-30,31,12,0.46
2011-07-31,31,11,0.48
2011-08-01,30,11,0.55
2011-08-02,30,14,0.49
2011-08-03,28,10,0.65
2011-08-04,27,14,0.76
2011-08-05,26,12,0.63
2011-08-06,27,16,0.74
2011-08-07,28,14,0.77
2011-08-08,29,13,0.59
2011-08-09,30,10,0.57
2011-08-10,29,14,0.42
2011-08-11,27,11,0.42
2011-08-12,26,9,0.41
2011-08-13,25,14,0.73
2011-08-14,25,15,0.82
2011-08-15,24,13,0.72
2011-08-16,26,16,0.58
2011-08-17,27,10,0.58
2011-08-18,26,15,0.67
2011-08-19,25,9,0.73
2011-08-20,26,7,0.67
2011-08-21,27,17,0.77
2011-08-22,26,19,0.47
2011-08-23,23,10,0.46
2011-08-24,25,17,0.61
2011-08-25,25,15,0.77
2011-08-26,26,6,0.76
2011-08-27,24,33,0.86
2011-08-28,25,28,0.64
2011-08-29,23,11,0.55
2011-08-30,23,8,0.55
2011-08-31,24,6,0.59
2011-09-01,24,10,0.63
2011-09-02,23,10,0.73
2011-09-03,24,12,0.72
2011-09-04,26,14,0.74
2011-09-05,25,14,0.79
2011-09-06,18,23,0.89
2011-09-07,21,7,0.92
2011-09-08,23,13,0.94
2011-09-09,24,8,0.9
2011-09-10,24,10,0.76
2011-09-11,24,8,0.72
2011-09-12,23,6,0.7
2011-09-13,24,10,0.71
2011-09-14,25,11,0.7
2011-09-15,20,18,0.71
2011-09-16,14,11,0.6
2011-09-17,16,13,0.72
2011-09-18,16,12,0.7
2011-09-19,18,10,0.69
2011-09-20,19,9,0.88
2011-09-21,21,6,0.89
2011-09-22,22,9,0.9
2011-09-23,22,5,0.97
2011-09-24,21,5,0.87
2011-09-25,23,4,0.85
2011-09-26,24,7,0.84
2011-09-27,23,8,0.89
2011-09-28,23,9,0.85
2011-09-29,22,12,0.7
2011-09-30,19,14,0.64
2011-10-01,12,20,0.75
2011-10-02,9,15,0.8
2011-10-03,10,6,0.77
2011-10-04,15,14,0.71
2011-10-05,18,13,0.65
2011-10-06,16,10,0.62
2011-10-07,17,2,0.69
2011-10-08,17,3,0.7
2011-10-09,18,4,0.73
2011-10-10,20,3,0.73
2011-10-11,19,9,0.81
2011-10-12,18,17,0.91
2011-10-13,20,9,0.9
2011-10-14,19,15,0.73
2011-10-15,16,18,0.49
2011-10-16,17,19,0.49
2011-10-17,18,12,0.58
2011-10-18,18,8,0.7
2011-10-19,18,15,0.9
2011-10-20,15,28,0.65
2011-10-21,12,15,0.58
2011-10-22,12,6,0.63
2011-10-23,12,7,0.74
2011-10-24,14,9,0.77
2011-10-25,15,11,0.63
2011-10-26,15,10,0.72
2011-10-27,14,13,0.81
2011-10-28,8,15,0.59
2011-10-29,4,24,0.88
2011-10-30,7,12,0.63
2011-10-31,8,7,0.7
2011-11-01,11,9,0.69
2011-11-02,10,6,0.72
2011-11-03,11,9,0.71
2011-11-04,11,18,0.62
2011-11-05,7,13,0.52
2011-11-06,8,6,0.74
2011-11-07,11,4,0.76
2011-11-08,11,4,0.72
2011-11-09,11,4,0.76
2011-11-10,10,14,0.8
2011-11-11,7,21,0.45
2011-11-12,9,14,0.55
2011-11-13,13,19,0.47
2011-11-14,18,21,0.59
2011-11-15,17,12,0.7
2011-11-16,14,10,0.93
2011-11-17,8,20,0.56
2011-11-18,5,12,0.42
2011-11-19,8,15,0.51
2011-11-20,14,12,0.7
2011-11-21,13,9,0.91
2011-11-22,12,8,0.96
2011-11-23,13,23,0.74
2011-11-24,10,11,0.56
2011-11-25,10,6,0.65
2011-11-26,10,4,0.69
2011-11-27,14,15,0.7
2011-11-28,16,9,0.75
2011-11-29,13,20,0.83
2011-11-30,7,18,0.62
2011-12-01,6,14,0.54
2011-12-02,7,7,0.63
2011-12-03,6,6,0.63
2011-12-04,8,6,0.78
2011-12-05,11,5,0.82
2011-12-06,14,16,0.97
2011-12-07,11,19,0.96
2011-12-08,4,15,0.58
2011-12-09,6,6,0.71
2011-12-10,5,16,0.5
2011-12-11,2,4,0.5
2011-12-12,3,4,0.68
2011-12-13,5,9,0.59
2011-12-14,7,4,0.67
2011-12-15,12,18,0.64
2011-12-16,9,17,0.5
2011-12-17,4,16,0.57
2011-12-18,3,11,0.59
2011-12-19,5,12,0.63
2011-12-20,10,4,0.6
2011-12-21,13,15,0.87
2011-12-22,12,3,0.77
2011-12-23,10,18,0.69
2011-12-24,6,13,0.54
2011-12-25,5,10,0.69
2011-12-26,7,16,0.51
2011-12-27,7,12,0.78
2011-12-28,6,19,0.49
2011-12-29,4,8,0.59
2011-12-30,7,10,0.63
2011-12-31,11,14,0.62
2012-01-01,10,15,0.67
2012-01-02,4,22,0.39
2012-01-03,-2,25,0.43
2012-01-04,-3,12,0.43
2012-01-05,4,8,0.55
2012-01-06,8,12,0.52
2012-01-07,11,12,0.53
2012-01-08,7,13,0.48
2012-01-09,2,6,0.74
2012-01-10,6,11,0.69
2012-01-11,5,10,0.86
2012-01-12,10,13,0.79
2012-01-13,4,25,0.49
2012-01-14,0,14,0.46
2012-01-15,-1,16,0.42
2012-01-16,1,17,0.55
2012-01-17,10,23,0.73
2012-01-18,5,26,0.44
2012-01-19,1,15,0.5
2012-01-20,2,14,0.46
2012-01-21,0,15,0.83
2012-01-22,-1,12,0.81
2012-01-23,3,9,0.92
2012-01-24,8,7,0.82
2012-01-25,6,10,0.64
2012-01-26,9,6,0.78
2012-01-27,12,22,0.72
2012-01-28,7,14,0.53
2012-01-29,5,17,0.33
2012-01-30,4,15,0.41
2012-01-31,11,18,0.41
2012-02-01,15,12,0.52
2012-02-02,10,14,0.68
2012-02-03,7,12,0.53
2012-02-04,4,8,0.8
2012-02-05,4,12,0.68
2012-02-06,5,10,0.64
2012-02-07,9,11,0.49
2012-02-08,4,9,0.75
2012-02-09,5,13,0.54
2012-02-10,5,8,0.55
2012-02-11,2,21,0.73
2012-02-12,-3,27,0.46
2012-02-13,3,10,0.42
2012-02-14,7,9,0.51
2012-02-15,8,13,0.55
2012-02-16,7,6,0.77
2012-02-17,8,15,0.59
2012-02-18,8,14,0.53
2012-02-19,5,16,0.56
2012-02-20,5,15,0.5
2012-02-21,6,14,0.61
2012-02-22,11,16,0.56
2012-02-23,14,13,0.56
2012-02-24,11,17,0.73
2012-02-25,5,29,0.4
2012-02-26,5,14,0.43
2012-02-27,10,18,0.49
2012-02-28,9,13,0.39
2012-02-29,8,11,0.83
2012-03-01,15,16,0.6
2012-03-02,9,9,0.69
2012-03-03,12,12,0.59
2012-03-04,7,22,0.42
2012-03-05,3,16,0.51
2012-03-06,4,14,0.48
2012-03-07,12,23,0.52
2012-03-08,18,30,0.56
2012-03-09,11,27,0.4
2012-03-10,5,14,0.37
2012-03-11,9,15,0.49
2012-03-12,15,14,0.49
2012-03-13,19,15,0.62
2012-03-14,20,9,0.5
2012-03-15,19,10,0.59
2012-03-16,13,7,0.85
2012-03-17,17,7,0.75
2012-03-18,15,9,0.81
2012-03-19,18,11,0.72
2012-03-20,19,8,0.81
2012-03-21,18,6,0.82
2012-03-22,20,8,0.8
2012-03-23,21,8,0.7
2012-03-24,16,13,0.89
2012-03-25,13,14,0.88
2012-03-26,13,27,0.46
2012-03-27,7,13,0.3
2012-03-28,16,19,0.5
2012-03-29,15,22,0.43
2012-03-30,9,9,0.6
2012-03-31,12,17,0.74
2012-04-01,12,11,0.68
2012-04-02,13,20,0.51
2012-04-03,15,7,0.39
2012-04-04,18,12,0.47
2012-04-05,13,14,0.38
2012-04-06,11,21,0.37
2012-04-07,13,18,0.26
2012-04-08,16,16,0.28
2012-04-09,15,24,0.32
2012-04-10,13,17,0.43
2012-04-11,8,19,0.49
2012-04-12,11,20,0.45
2012-04-13,13,11,0.42
2012-04-14,16,12,0.51
2012-04-15,22,15,0.51
2012-04-16,24,19,0.56
2012-04-17,21,18,0.38
2012-04-18,14,11,0.59
2012-04-19,16,6,0.61
2012-04-20,17,10,0.7
2012-04-21,19,19,0.69
2012-04-22,11,24,0.84
2012-04-23,7,20,0.77
2012-04-24,12,16,0.44
2012-04-25,15,9,0.44
2012-04-26,16,13,0.76
2012-04-27,14,23,0.39
2012-04-28,10,9,0.51
2012-04-29,14,8,0.59
2012-04-30,14,11,0.57
2012-05-01,22,10,0.67
2012-05-02,19,10,0.8
2012-05-03,19,10,0.77
2012-05-04,22,9,0.74
2012-05-05,22,11,0.76
2012-05-06,19,10,0.74
2012-05-07,18,16,0.66
2012-05-08,20,20,0.7
2012-05-09,20,15,0.74
2012-05-10,16,21,0.54
2012-05-11,18,16,0.36
2012-05-12,19,8,0.49
2012-05-13,22,15,0.57
2012-05-14,20,14,0.8
2012-05-15,22,9,0.8
2012-05-16,23,10,0.69
2012-05-17,20,15,0.51
2012-05-18,19,9,0.52
2012-05-19,21,6,0.46
2012-05-20,22,17,0.53
2012-05-21,21,16,0.81
2012-05-22,22,8,0.77
2012-05-23,22,7,0.78
2012-05-24,24,11,0.72
2012-05-25,25,10,0.75
2012-05-26,26,13,0.73
2012-05-27,25,15,0.7
2012-05-28,27,13,0.67
2012-05-29,27,20,0.68
2012-05-30,24,9,0.67
2012-05-31,25,14,0.49
2012-06-01,23,15,0.77
2012-06-02,20,13,0.54
2012-06-03,21,12,0.49
2012-06-04,21,20,0.49
2012-06-05,18,14,0.61
2012-06-06,19,6,0.63
2012-06-07,21,13,0.56
2012-06-08,24,12,0.47
2012-06-09,27,10,0.44
2012-06-10,27,9,0.54
2012-06-11,27,14,0.58
2012-06-12,24,14,0.85
2012-06-13,24,24,0.56
2012-06-14,23,17,0.58
2012-06-15,23,12,0.58
2012-06-16,23,11,0.5
2012-06-17,21,11,0.61
2012-06-18,20,11,0.78
2012-06-19,26,10,0.69
2012-06-20,30,8,0.6
2012-06-21,31,8,0.57
2012-06-22,29,11,0.58
2012-06-23,28,12,0.52
2012-06-24,28,10,0.48
2012-06-25,27,20,0.5
2012-06-26,23,23,0.38
2012-06-27,26,18,0.36
2012-06-28,28,11,0.43
2012-06-29,32,13,0.51
2012-06-30,29,8,0.62
2012-07-01,32,11,0.53
2012-07-02,30,13,0.46
2012-07-03,30,9,0.49
2012-07-04,30,11,0.54
2012-07-05,32,13,0.46
2012-07-06,32,10,0.45
2012-07-07,34,11,0.49
2012-07-08,32,9,0.56
2012-07-09,26,12,0.69
2012-07-10,27,11,0.67
2012-07-11,27,10,0.63
2012-07-12,27,10,0.53
2012-07-13,28,6,0.48
2012-07-14,26,10,0.69
2012-07-15,28,11,0.72
2012-07-16,29,10,0.64
2012-07-17,32,9,0.5
2012-07-18,31,11,0.58
2012-07-19,30,11,0.59
2012-07-20,24,14,0.85
2012-07-21,21,15,0.86
2012-07-22,24,7,0.77
2012-07-23,28,9,0.69
2012-07-24,29,15,0.65
2012-07-25,27,12,0.45
2012-07-26,30,18,0.6
2012-07-27,30,11,0.59
2012-07-28,29,11,0.61
2012-07-29,27,12,0.62
2012-07-30,28,10,0.67
2012-07-31,27,11,0.71
2012-08-01,27,9,0.68
2012-08-02,29,9,0.66
2012-08-03,29,14,0.64
2012-08-04,31,17,0.61
2012-08-05,29,19,0.66
2012-08-06,29,10,0.65
2012-08-07,28,8,0.7
2012-08-08,28,7,0.67
2012-08-09,29,12,0.62
2012-08-10,27,16,0.72
2012-08-11,26,14,0.73
2012-08-12,26,8,0.54
2012-08-13,27,9,0.54
2012-08-14,27,11,0.69
2012-08-15,26,11,0.62
2012-08-16,27,10,0.52
2012-08-17,27,16,0.57
2012-08-18,25,12,0.6
2012-08-19,23,6,0.71
2012-08-20,23,9,0.73
2012-08-21,23,5,0.67
2012-08-22,24,4,0.69
2012-08-23,26,6,0.64
2012-08-24,26,5,0.62
2012-08-25,24,16,0.71
2012-08-26,24,15,0.85
2012-08-27,26,9,0.72
2012-08-28,27,13,0.62
2012-08-29,25,8,0.55
2012-08-30,26,5,0.59
2012-08-31,29,12,0.59
2012-09-01,29,8,0.64
2012-09-02,26,4,0.82
2012-09-03,26,10,0.79
2012-09-04,27,16,0.75
2012-09-05,28,13,0.74
2012-09-06,26,10,0.81
2012-09-07,26,11,0.73
2012-09-08,24,19,0.8
2012-09-09,22,15,0.55
2012-09-10,20,17,0.5
2012-09-11,20,7,0.52
2012-09-12,21,9,0.58
2012-09-13,22,6,0.64
2012-09-14,23,7,0.68
2012-09-15,21,17,0.5
2012-09-16,20,6,0.57
2012-09-17,20,10,0.73
2012-09-18,22,24,0.87
2012-09-19,19,15,0.55
2012-09-20,18,8,0.62
2012-09-21,21,10,0.67
2012-09-22,24,19,0.65
2012-09-23,17,15,0.47
2012-09-24,17,11,0.49
2012-09-25,18,16,0.57
2012-09-26,23,16,0.62
2012-09-27,21,7,0.81
2012-09-28,22,21,0.72
2012-09-29,21,24,0.89
2012-09-30,18,24,0.55
2012-10-01,12,20,0.75
2012-10-02,12,15,0.8
2012-10-03,18,6,0.77
2012-10-04,21,14,0.71
2012-10-05,16,13,0.65
2012-10-06,15,10,0.62
2012-10-07,11,2,0.69
2012-10-08,7,3,0.7
2012-10-09,9,4,0.73
2012-10-10,9,3,0.73
2012-10-11,9,9,0.81
2012-10-12,8,17,0.91
2012-10-13,5,9,0.9
2012-10-14,5,15,0.73
2012-10-15,11,18,0.49
2012-10-16,11,19,0.49
2012-10-17,8,12,0.58
2012-10-18,8,8,0.7
2012-10-19,12,15,0.9
2012-10-20,11,28,0.65
2012-10-21,9,15,0.58
2012-10-22,9,6,0.63
2012-10-23,9,7,0.74
2012-10-24,11,9,0.77
2012-10-25,15,11,0.63
2012-10-26,17,10,0.72
2012-10-27,15,13,0.81
2012-10-28,12,15,0.59
2012-10-29,9,24,0.88
2012-10-30,6,12,0.63
2012-10-31,6,7,0.7
2012-11-01,6,17,0.77
2012-11-02,5,11,0.58
2012-11-03,5,18,0.48
2012-11-04,3,12,0.45
2012-11-05,3,3,0.63
2012-11-06,1,12,0.71
2012-11-07,1,21,0.73
2012-11-08,4,16,0.42
2012-11-09,4,14,0.52
2012-11-10,3,17,0.43
2012-11-11,3,14,0.45
2012-11-12,6,21,0.44
2012-11-13,6,15,0.44
2012-11-14,2,8,0.51
2012-11-15,2,5,0.55
2012-11-16,4,3,0.87
2012-11-17,2,9,0.86
2012-11-18,2,21,0.54
2012-11-19,4,25,0.43
2012-11-20,7,14,0.53
2012-11-21,4,5,0.66
2012-11-22,2,8,0.75
2012-11-23,2,27,0.45
2012-11-24,3,24,0.35
2012-11-25,1,14,0.38
2012-11-26,0,12,0.79
2012-11-27,0,23,0.74
2012-11-28,2,13,0.45
2012-11-29,7,10,0.48
2012-11-30,3,1,0.79
2012-12-01,-1,10,0.76
2012-12-02,12,9,0.82
2012-12-03,16,6,0.7
2012-12-04,15,12,0.73
2012-12-05,12,21,0.49
2012-12-06,4,11,0.52
2012-12-07,7,9,0.78
2012-12-08,10,7,0.92
2012-12-09,10,11,0.91
2012-12-10,13,12,0.92
2012-12-11,9,21,0.62
2012-12-12,6,12,0.55
2012-12-13,6,11,0.5
2012-12-14,5,9,0.66
2012-12-15,7,7,0.65
2012-12-16,9,7,0.85
2012-12-17,11,7,0.91
2012-12-18,11,15,0.68
2012-12-19,8,12,0.64
2012-12-20,8,10,0.69
2012-12-21,7,26,0.53
2012-12-22,4,26,0.45
2012-12-23,3,8,0.53
2012-12-24,2,5,0.8
2012-12-25,6,11,0.73
2012-12-26,3,22,0.84
2012-12-27,4,23,0.65
2012-12-28,4,10,0.6
2012-12-29,3,10,0.76
2012-12-30,3,24,0.48
2012-12-31,2,10,0.58
2013-01-01,5,10,0.58
2013-01-02,2,15,0.49
2013-01-04,3,12,0.49
2013-01-05,4,10,0.49
2013-01-06,7,9,0.56
2013-01-07,6,12,0.51
2013-01-08,5,10,0.68
2013-01-09,6,5,0.76
2013-01-10,10,11,0.42
2013-01-11,6,4,0.76
2013-01-12,8,6,0.91
2013-01-13,9,6,0.96
2013-01-14,12,17,0.74
2013-01-15,5,13,0.85
2013-01-16,4,9,0.87
2013-01-17,6,11,0.69
2013-01-18,2,19,0.46
2013-01-19,6,22,0.52
2013-01-20,9,19,0.4
2013-01-21,6,13,0.44
2013-01-22,-5,25,0.31
2013-01-23,-6,13,0.38
2013-01-24,-5,18,0.56
2013-01-25,-5,11,0.52
2013-01-26,-1,9,0.64
2013-01-27,0,11,0.58
2013-01-28,4,15,0.8
2013-01-29,12,11,0.74
2013-01-30,15,21,0.82
2013-01-31,10,30,0.54
2013-02-01,-1,22,0.52
2013-02-02,-3,12,0.59
2013-02-03,0,8,0.76
2013-02-04,0,12,0.46
2013-02-05,3,7,0.62
2013-02-06,3,0,0.7
2013-02-07,3,13,0.62
2013-02-08,4,21,0.71
2013-02-09,2,29,0.44
2013-02-10,0,6,0.53
2013-02-11,5,15,0.92
2013-02-12,9,12,0.46
2013-02-13,4,13,0.77
2013-02-14,3,10,0.77
2013-02-19,4,20,0.52
2013-02-20,1,27,0.38
2013-02-21,1,21,0.42
2013-02-22,1,8,0.68
2013-02-23,4,10,0.91
2013-02-24,7,22,0.63
2013-02-25,4,8,0.48
2013-02-26,5,17,0.82
2013-02-27,9,13,0.69
2013-02-28,7,17,0.52
2013-03-01,6,21,0.52
2013-03-02,2,19,0.53
2013-03-03,2,21,0.48
2013-03-04,3,22,0.41
2013-03-05,6,13,0.4
2013-03-06,3,32,0.86
2013-03-07,7,26,0.52
2013-03-08,7,31,0.49
2013-03-09,9,11,0.43
2013-03-10,9,10,0.48
2013-03-11,10,15,0.76
2013-03-12,13,24,0.77
2013-03-13,7,17,0.47
2013-03-14,4,25,0.36
2013-03-15,8,14,0.41
2013-03-16,10,12,0.63
2013-03-17,4,11,0.65
2013-03-18,3,11,0.82
2013-03-19,9,15,0.58
2013-03-20,8,20,0.24
2013-03-21,2,25,0.43
2013-03-22,4,18,0.37
2013-03-23,7,13,0.39
2013-03-24,4,11,0.62
2013-03-25,2,13,0.86
2013-03-26,6,15,0.61
2013-03-27,7,21,0.48
2013-03-28,8,21,0.47
2013-03-29,10,15,0.44
2013-03-30,10,6,0.46
2013-03-31,10,9,0.72
2013-04-01,10,19,0.57
2013-04-02,7,20,0.27
2013-04-03,6,19,0.3
2013-04-04,5,12,0.45
2013-04-05,9,15,0.64
2013-04-06,9,15,0.34
2013-04-07,13,22,0.5
2013-04-08,19,14,0.5
2013-04-09,23,16,0.48
2013-04-10,25,18,0.45
2013-04-11,22,14,0.59
2013-04-12,16,13,0.87
2013-04-13,15,14,0.52
2013-04-14,15,12,0.49
2013-04-15,16,11,0.6
2013-04-16,18,13,0.7
2013-04-17,20,10,0.7
2013-04-18,19,13,0.76
2013-04-19,19,24,0.79
2013-04-20,13,23,0.39
2013-04-21,9,15,0.38
2013-04-22,10,17,0.59
2013-04-23,12,11,0.62
2013-04-24,17,20,0.63
2013-04-25,13,20,0.45
2013-04-26,15,9,0.44
2013-04-27,16,7,0.45
2013-04-28,15,13,0.53
2013-04-29,14,13,0.85
2013-04-30,15,16,0.85
2013-05-01,16,16,0.53
2013-05-02,14,10,0.64
2013-05-03,14,15,0.59
2013-05-04,14,15,0.58
2013-05-05,12,15,0.61
2013-05-06,14,19,0.81
2013-05-07,17,20,0.87
2013-05-08,17,10,0.78
2013-05-09,17,8,0.78
2013-05-10,20,9,0.76
2013-05-11,20,10,0.81
2013-05-12,17,21,0.42
2013-05-13,13,18,0.33
2013-05-14,10,11,0.46
2013-05-15,21,13,0.56
2013-05-16,25,17,0.52
2013-05-17,23,10,0.47
2013-05-18,17,11,0.77
2013-05-19,20,8,0.85
2013-05-20,22,10,0.82
2013-05-21,23,13,0.8
2013-05-22,25,15,0.77
2013-05-23,23,15,0.79
2013-05-24,15,26,0.66
2013-05-25,14,24,0.38
2013-05-26,18,17,0.32
2013-05-27,18,8,0.43
2013-05-28,22,14,0.69
2013-05-29,25,14,0.68
2013-05-30,26,14,0.65
2013-05-31,27,17,0.6
2013-06-01,28,18,0.58
2013-06-02,25,19,0.69
2013-06-03,24,13,0.73
2013-06-04,21,13,0.42
2013-06-05,22,10,0.51
2013-06-06,21,14,0.72
2013-06-07,22,14,0.88
2013-06-08,23,11,0.66
2013-06-09,24,9,0.69
2013-06-10,24,15,0.85
2013-06-11,24,15,0.67
2013-06-12,27,12,0.57
2013-06-13,26,20,0.68
2013-06-14,22,22,0.54
2013-06-15,25,14,0.48
2013-06-16,26,12,0.61
2013-06-17,26,12,0.69
2013-06-18,23,10,0.82
2013-06-19,22,10,0.67
2013-06-20,22,12,0.67
2013-06-21,23,6,0.52
2013-06-22,25,13,0.67
2013-06-23,25,8,0.79
2013-06-24,26,12,0.76
2013-06-25,28,12,0.64
2013-06-26,27,12,0.66
2013-06-27,24,15,0.82
2013-06-28,25,11,0.8
2013-06-29,26,11,0.68
2013-06-30,27,13,0.79
2013-07-01,25,15,0.82
2013-07-02,26,20,0.81
2013-07-03,26,16,0.79
2013-07-04,27,17,0.76
2013-07-05,28,17,0.71
2013-07-06,29,16,0.68
2013-07-07,28,17,0.67
2013-07-08,26,12,0.69
2013-07-09,27,8,0.73
2013-07-10,27,17,0.79
2013-07-11,26,11,0.75
2013-07-12,23,17,0.82
2013-07-13,25,7,0.77
2013-07-14,28,11,0.75
2013-07-15,30,9,0.63
2013-07-16,31,12,0.56
2013-07-17,30,6,0.62
2013-07-18,31,12,0.67
2013-07-19,31,15,0.66
2013-07-20,30,16,0.63
2013-07-21,29,9,0.62
2013-07-22,28,11,0.72
2013-07-23,27,11,0.67
2013-07-24,27,17,0.57
2013-07-25,23,17,0.55
2013-07-26,24,10,0.59
2013-07-27,25,16,0.75
2013-07-28,25,12,0.74
2013-07-29,24,13,0.53
2013-07-30,25,8,0.51
2013-07-31,24,10,0.71
2013-08-01,23,12,0.84
2013-08-02,26,10,0.61
2013-08-03,24,9,0.7
2013-08-04,24,16,0.56
2013-08-05,23,10,0.52
2013-08-06,22,12,0.78
2013-08-07,25,14,0.76
2013-08-08,27,16,0.75
2013-08-09,30,19,0.64
2013-08-10,27,11,0.62
2013-08-11,26,9,0.67
2013-08-12,28,8,0.65
2013-08-13,26,13,0.71
2013-08-14,22,21,0.49
2013-08-15,21,10,0.52
2013-08-16,22,4,0.54
2013-08-17,23,12,0.6
2013-08-18,21,10,0.72
2013-08-19,22,10,0.77
2013-08-20,25,8,0.7
2013-08-21,26,11,0.77
2013-08-22,26,11,0.69
2013-08-23,24,12,0.66
2013-08-24,23,11,0.6
2013-08-25,23,9,0.6
2013-08-26,25,13,0.57
2013-08-27,28,12,0.59
2013-08-28,26,8,0.77
2013-08-29,25,14,0.77
2013-08-30,26,14,0.7
2013-08-31,27,17,0.68
2013-09-01,28,11,0.66
2013-09-02,27,10,0.7
2013-09-03,27,16,0.53
2013-09-04,24,12,0.49
2013-09-05,25,14,0.49
2013-09-06,21,12,0.46
2013-09-07,22,12,0.62
2013-09-08,26,11,0.58
2013-09-09,23,12,0.62
2013-09-10,26,14,0.76
2013-09-11,29,13,0.68
2013-09-12,26,14,0.73
2013-09-13,23,18,0.59
2013-09-14,18,16,0.5
2013-09-15,20,9,0.57
2013-09-16,20,15,0.68
2013-09-17,17,14,0.52
2013-09-18,17,7,0.58
2013-09-19,20,10,0.64
2013-09-20,21,12,0.64
2013-09-21,21,16,0.78
2013-09-22,20,16,0.64
2013-09-23,16,16,0.53
2013-09-24,17,10,0.56
2013-09-25,18,6,0.56
2013-09-26,20,7,0.61
2013-09-27,19,7,0.68
2013-09-28,19,8,0.65
2013-09-29,18,6,0.67
2013-09-30,19,5,0.65
2013-10-01,22,8,0.63
2013-10-02,24,9,0.62
2013-10-03,23,7,0.69
2013-10-04,25,5,0.67
2013-10-05,26,8,0.68
2013-10-06,25,13,0.67
2013-10-07,20,21,0.81
2013-10-08,16,13,0.58
2013-10-09,15,20,0.69
2013-10-10,14,22,0.88
2013-10-11,17,18,0.89
2013-10-12,18,18,0.85
2013-10-13,17,17,0.81
2013-10-14,17,12,0.74
2013-10-15,17,6,0.7
2013-10-16,19,7,0.78
2013-10-17,20,12,0.79
2013-10-18,16,12,0.51
2013-10-19,16,11,0.73
2013-10-20,14,15,0.47
2013-10-21,14,11,0.65
2013-10-22,14,11,0.63
2013-10-23,12,12,0.52
2013-10-24,9,16,0.44
2013-10-25,9,14,0.49
2013-10-26,9,16,0.51
2013-10-27,12,9,0.52
2013-10-28,12,5,0.62
2013-10-29,12,4,0.62
2013-10-30,14,7,0.83
2013-10-31,17,12,0.8
2013-11-01,19,17,0.77
2013-11-02,16,11,0.58
2013-11-03,11,18,0.48
2013-11-04,6,12,0.45
2013-11-05,10,3,0.63
2013-11-06,15,12,0.71
2013-11-07,14,21,0.73
2013-11-08,8,16,0.42
2013-11-09,8,14,0.52
2013-11-10,11,17,0.43
2013-11-11,10,14,0.45
2013-11-12,6,21,0.44
2013-11-13,4,15,0.44
2013-11-14,6,8,0.51
2013-11-15,8,5,0.55
2013-11-16,11,3,0.87
2013-11-17,14,9,0.86
2013-11-18,16,21,0.54
2013-11-19,8,25,0.43
2013-11-20,5,14,0.53
2013-11-21,7,5,0.66
2013-11-22,12,8,0.75
2013-11-23,7,27,0.45
2013-11-24,-1,24,0.35
2013-11-25,0,14,0.38
2013-11-26,4,12,0.79
2013-11-27,4,23,0.74
2013-11-28,1,13,0.45
2013-11-29,2,14,0.53
2013-11-30,1,5,0.56
2013-12-01,4,4,0.66
2013-12-02,7,5,0.71
2013-12-03,8,3,0.68
2013-12-04,10,3,0.77
2013-12-05,15,13,0.84
2013-12-06,11,19,0.88
2013-12-07,4,21,0.72
2013-12-08,0,14,0.81
2013-12-09,2,6,0.88
2013-12-10,2,7,0.81
2013-12-11,1,5,0.58
2013-12-12,-1,15,0.48
2013-12-13,2,9,0.49
2013-12-14,4,13,0.78
2013-12-15,4,15,0.71
2013-12-16,3,11,0.58
2013-12-17,3,6,0.72
2013-12-18,3,10,0.61
2013-12-19,7,12,0.54
2013-12-20,11,15,0.52
2013-12-21,16,21,0.66
2013-12-22,18,22,0.8
2013-12-23,15,17,0.83
2013-12-24,2,25,0.47
2013-12-25,-2,11,0.49
2013-12-26,2,9,0.58
2013-12-27,4,9,0.59
2013-12-28,6,11,0.57
2013-12-29,8,11,0.79
2013-12-30,5,14,0.68
2013-12-31,3,18,0.49
2014-01-01,4,7,0.58
2014-01-02,2,12,0.83
2014-01-03,-5,28,0.59
2014-01-04,-3,12,0.52
2014-01-05,3,8,0.82
2014-01-06,5,19,0.75
2014-01-07,-10,18,0.33
2014-01-08,-5,7,0.41
2014-01-09,1,7,0.56
2014-01-10,2,6,0.88
2014-01-11,7,9,0.9
2014-01-12,8,15,0.53
2014-01-13,8,12,0.64
2014-01-14,9,12,0.83
2014-01-15,6,12,0.82
2014-01-16,3,13,0.55
2014-01-17,4,10,0.63
2014-01-18,0,22,0.53
2014-01-19,3,15,0.46
2014-01-20,8,14,0.48
2014-01-21,-2,28,0.73
2014-01-22,-10,25,0.44
2014-01-23,-7,15,0.45
2014-01-24,-8,19,0.39
2014-01-25,-2,27,0.42
2014-01-26,-2,10,0.46
2014-01-27,3,25,0.45
2014-01-28,-8,16,0.4
2014-01-29,-7,14,0.47
2014-01-30,-4,10,0.42
2014-01-31,2,6,0.42
2014-02-01,5,5,0.51
2014-02-02,9,6,0.53
2014-02-03,4,22,0.82
2014-02-04,1,10,0.67
2014-02-05,2,12,0.81
2014-02-06,1,17,0.47
2014-02-07,2,11,0.49
2014-02-08,0,7,0.46
2014-02-09,1,8,0.66
2014-02-10,-1,19,0.48
2014-02-11,-3,13,0.44
2014-02-12,-3,16,0.61
2014-02-13,1,28,0.82
2014-02-14,6,11,0.52
2014-02-15,2,23,0.66
2014-02-16,0,12,0.47
2014-02-17,-1,12,0.46
2014-02-18,3,15,0.66
2014-02-19,10,15,0.64
2014-02-20,8,6,0.57
2014-02-21,10,12,0.75
2014-02-22,8,13,0.6
2014-02-23,11,14,0.43
2014-02-24,5,21,0.37
2014-02-25,1,7,0.63
2014-02-26,0,13,0.63
2014-02-27,0,26,0.39
2014-02-28,-5,12,0.3
2014-03-01,2,7,0.45
2014-03-02,5,12,0.73
2014-03-03,-3,25,0.71
2014-03-04,-4,8,0.43
2014-03-05,1,11,0.48
2014-03-06,0,19,0.53
2014-03-07,3,21,0.62
2014-03-08,9,10,0.55
2014-03-09,8,15,0.43
2014-03-10,9,15,0.48
2014-03-11,13,6,0.5
2014-03-12,12,24,0.62
2014-03-13,-1,31,0.32
2014-03-14,7,19,0.33
2014-03-15,14,18,0.28
2014-03-16,3,19,0.68
2014-03-17,-2,21,0.76
2014-03-18,3,16,0.55
2014-03-19,5,7,0.82
2014-03-20,9,14,0.65
2014-03-21,10,10,0.52
2014-03-22,13,13,0.48
2014-03-23,7,21,0.43
2014-03-24,1,15,0.35
2014-03-25,2,12,0.76
2014-03-26,1,27,0.48
2014-03-27,4,13,0.39
2014-03-28,14,22,0.63
2014-03-29,15,11,0.89
2014-03-30,7,24,0.82
2014-03-31,12,23,0.42
2014-04-01,12,11,0.47
2014-04-02,13,5,0.62
2014-04-03,15,8,0.59
2014-04-04,13,14,0.69
2014-04-05,12,19,0.57
2014-04-06,10,10,0.35
2014-04-07,10,10,0.82
2014-04-08,14,14,0.7
2014-04-09,14,15,0.44
2014-04-10,16,15,0.42
2014-04-11,20,16,0.44
2014-04-12,19,11,0.48
2014-04-13,21,17,0.57
2014-04-14,22,27,0.56
2014-04-15,14,24,0.81
2014-04-16,6,22,0.38
2014-04-17,8,16,0.54
2014-04-18,8,6,0.58
2014-04-19,14,9,0.48
2014-04-20,14,15,0.48
2014-04-21,14,8,0.46
2014-04-22,17,14,0.67
2014-04-23,13,28,0.44
2014-04-24,13,13,0.33
2014-04-25,14,14,0.63
2014-04-26,17,17,0.54
2014-04-27,15,16,0.4
2014-04-28,13,10,0.64
2014-04-29,11,16,0.86
2014-04-30,15,14,0.91
2014-05-01,20,14,0.69
2014-05-02,18,14,0.4
2014-05-03,19,9,0.45
2014-05-04,18,19,0.44
2014-05-05,14,15,0.5
2014-05-06,16,6,0.61
2014-05-07,16,8,0.64
2014-05-08,20,6,0.72
2014-05-09,20,9,0.79
2014-05-10,22,14,0.76
2014-05-11,22,9,0.57
2014-05-12,23,12,0.71
2014-05-13,25,9,0.69
2014-05-14,18,12,0.86
2014-05-15,22,16,0.81
2014-05-16,17,23,0.77
2014-05-17,16,12,0.5
2014-05-18,16,15,0.44
2014-05-19,17,8,0.43
2014-05-20,19,8,0.51
2014-05-21,21,8,0.71
2014-05-22,24,11,0.67
2014-05-23,22,23,0.43
2014-05-24,20,14,0.5
2014-05-25,23,8,0.48
2014-05-26,24,10,0.58
2014-05-27,24,15,0.73
2014-05-28,25,14,0.68
2014-05-29,15,12,0.84
2014-05-30,18,10,0.73
2014-05-31,22,15,0.48
2014-06-01,20,10,0.6
2014-06-02,22,16,0.56
2014-06-03,25,13,0.65
2014-06-04,26,9,0.62
2014-06-05,23,15,0.68
2014-06-06,22,12,0.47
2014-06-07,24,5,0.52
2014-06-08,25,15,0.61
2014-06-09,26,12,0.72
2014-06-10,26,9,0.76
2014-06-11,25,13,0.78
2014-06-12,24,13,0.82
2014-06-13,24,12,0.77
2014-06-14,22,21,0.53
2014-06-15,23,8,0.55
2014-06-16,27,6,0.61
2014-06-17,29,11,0.62
2014-06-18,31,13,0.56
2014-06-19,26,15,0.66
2014-06-20,25,10,0.52
2014-06-21,22,11,0.63
2014-06-22,23,10,0.68
2014-06-23,25,14,0.58
2014-06-24,25,16,0.64
2014-06-25,27,15,0.74
2014-06-26,28,14,0.57
2014-06-27,27,13,0.6
2014-06-28,26,11,0.53
2014-06-29,26,12,0.48
2014-06-30,27,16,0.6
2014-07-01,29,18,0.62
2014-07-02,30,15,0.63
2014-07-03,27,12,0.73
2014-07-04,24,25,0.61
2014-07-05,24,12,0.4
2014-07-06,26,14,0.5
2014-07-07,29,20,0.5
2014-07-08,28,24,0.6
2014-07-09,25,12,0.74
2014-07-10,24,12,0.73
2014-07-11,25,7,0.67
2014-07-12,27,15,0.65
2014-07-13,28,18,0.66
2014-07-14,27,11,0.72
2014-07-15,25,10,0.77
2014-07-16,25,13,0.55
2014-07-17,24,11,0.47
2014-07-18,25,7,0.46
2014-07-19,25,8,0.52
2014-07-20,25,8,0.66
2014-07-21,25,8,0.66
2014-07-22,26,12,0.7
2014-07-23,29,15,0.63
2014-07-24,25,13,0.62
2014-07-25,24,12,0.5
2014-07-26,26,13,0.62
2014-07-27,26,15,0.71
2014-07-28,27,22,0.56
2014-07-29,22,18,0.49
2014-07-30,22,10,0.51
2014-07-31,25,11,0.58
2014-08-01,25,11,0.66
2014-08-02,24,10,0.69
2014-08-03,25,8,0.72
2014-08-04,26,7,0.65
2014-08-05,28,6,0.58
2014-08-06,25,13,0.65
2014-08-07,26,11,0.54
2014-08-08,25,9,0.52
2014-08-09,25,7,0.62
2014-08-10,26,7,0.59
2014-08-11,25,11,0.62
2014-08-12,24,10,0.82
2014-08-13,26,15,0.61
2014-08-14,24,12,0.47
2014-08-15,23,11,0.44
2014-08-16,24,9,0.46
2014-08-17,26,12,0.59
2014-08-18,26,9,0.59
2014-08-19,25,11,0.69
2014-08-20,25,10,0.64
2014-08-21,26,6,0.71
2014-08-22,26,8,0.72
2014-08-23,23,12,0.77
2014-08-24,24,11,0.61
2014-08-25,24,9,0.59
2014-08-26,26,7,0.58
2014-08-27,26,7,0.62
2014-08-28,27,17,0.53
2014-08-29,23,8,0.49
2014-08-30,25,11,0.66
2014-08-31,28,16,0.7
2014-09-01,28,9,0.71
2014-09-02,29,12,0.65
2014-09-03,28,6,0.61
2014-09-04,27,9,0.65
2014-09-05,28,12,0.7
2014-09-06,28,16,0.69
2014-09-07,24,16,0.57
2014-09-08,23,18,0.62
2014-09-09,23,17,0.69
2014-09-10,24,13,0.66
2014-09-11,27,18,0.64
2014-09-12,23,16,0.54
2014-09-13,20,12,0.71
2014-09-14,18,11,0.56
2014-09-15,20,9,0.6
2014-09-16,22,14,0.58
2014-09-17,20,7,0.54
2014-09-18,21,7,0.62
2014-09-19,20,12,0.65
2014-09-20,23,8,0.64
2014-09-21,24,10,0.63
2014-09-22,21,22,0.42
2014-09-23,18,9,0.49
2014-09-24,19,19,0.66
2014-09-25,19,22,0.82
2014-09-26,21,11,0.64
2014-09-27,22,5,0.58
2014-09-28,22,5,0.65
2014-09-29,21,8,0.77
2014-09-30,21,8,0.76
2014-10-01,21,9,0.75
2014-10-02,20,6,0.72
2014-10-03,21,14,0.74
2014-10-04,19,17,0.65
2014-10-05,13,11,0.5
2014-10-06,18,19,0.52
2014-10-07,19,18,0.65
2014-10-08,21,15,0.53
2014-10-09,19,10,0.48
2014-10-10,16,12,0.65
2014-10-11,14,14,0.83
2014-10-12,15,9,0.66
2014-10-13,18,2,0.83
2014-10-14,23,14,0.76
2014-10-15,22,16,0.79
2014-10-16,17,10,0.79
2014-10-17,18,13,0.66
2014-10-18,17,17,0.56
2014-10-19,13,20,0.44
2014-10-20,14,13,0.59
2014-10-21,16,10,0.67
2014-10-22,13,24,0.78
2014-10-23,16,26,0.53
2014-10-24,17,18,0.45
2014-10-25,16,11,0.52
2014-10-26,18,17,0.33
2014-10-27,14,9,0.51
2014-10-28,19,15,0.56
2014-10-29,17,10,0.71
2014-10-30,13,14,0.56
2014-10-31,11,9,0.55
2014-11-01,11,27,0.56
2014-11-02,9,30,0.4
2014-11-03,12,13,0.31
2014-11-04,14,8,0.48
2014-11-05,15,7,0.58
2014-11-06,15,10,0.76
2014-11-07,11,22,0.46
2014-11-08,8,12,0.5
2014-11-09,11,5,0.57
2014-11-10,12,6,0.63
2014-11-11,15,6,0.75
2014-11-12,16,12,0.7
2014-11-13,6,16,0.58
2014-11-14,4,21,0.44
2014-11-15,4,11,0.44
2014-11-16,7,11,0.51
2014-11-17,8,13,0.77
2014-11-18,0,27,0.32
2014-11-19,0,17,0.37
2014-11-20,6,20,0.35
2014-11-21,1,17,0.33
2014-11-22,4,14,0.46
2014-11-23,10,9,0.57
2014-11-24,19,23,0.7
2014-11-25,13,9,0.52
2014-11-26,5,17,0.8
2014-11-27,5,10,0.64
2014-11-28,3,14,0.49
2014-11-29,5,10,0.5
2014-11-30,12,16,0.55
2014-12-01,13,19,0.64
2014-12-02,4,10,0.82
2014-12-03,8,14,0.74
2014-12-04,6,7,0.52
2014-12-05,6,7,0.68
2014-12-06,9,14,0.81
2014-12-07,6,26,0.49
2014-12-08,2,19,0.57
2014-12-09,4,21,0.79
2014-12-10,7,27,0.53
2014-12-11,5,19,0.38
2014-12-12,6,19,0.42
2014-12-13,5,9,0.58
2014-12-14,8,12,0.61
2014-12-15,9,6,0.69
2014-12-16,8,7,0.82
2014-12-17,9,16,0.6
2014-12-18,4,18,0.47
2014-12-19,4,17,0.51
2014-12-20,2,7,0.52
2014-12-21,4,6,0.56
2014-12-22,3,12,0.78
2014-12-23,7,5,0.87
2014-12-24,11,7,0.88
2014-12-25,12,17,0.6
2014-12-26,7,8,0.63
2014-12-27,8,4,0.63
2014-12-28,11,8,0.65
2014-12-29,7,11,0.56
2014-12-30,4,14,0.44
2014-12-31,1,10,0.43
2015-01-01,2,13,0.45
2015-01-02,5,5,0.52
2015-01-03,5,6,0.82
2015-01-04,12,21,0.75
2015-01-05,4,23,0.33
2015-01-06,-3,7,0.67
2015-01-07,-4,25,0.45
2015-01-08,-7,18,0.35
2015-01-09,0,21,0.35
2015-01-10,-4,13,0.33
2015-01-11,0,8,0.5
2015-01-12,3,6,0.83
2015-01-13,2,19,0.53
2015-01-14,-1,13,0.63
2015-01-15,2,9,0.6
2015-01-16,3,16,0.57
2015-01-17,1,14,0.49
2015-01-18,5,6,0.77
2015-01-19,6,10,0.54
2015-01-20,4,3,0.65
2015-01-21,2,7,0.78
2015-01-22,5,13,0.65
2015-01-23,3,9,0.73
2015-01-24,4,15,0.77
2015-01-25,7,10,0.54
2015-01-26,2,21,0.77
2015-01-27,1,25,0.62
2015-01-28,-1,22,0.38
2015-01-29,1,10,0.49
2015-01-30,3,26,0.49
2015-01-31,-2,16,0.41
2015-02-01,2,6,0.54
2015-02-02,3,16,0.68
2015-02-03,-1,15,0.4
2015-02-04,5,14,0.48
2015-02-05,1,27,0.41
2015-02-06,-2,12,0.37
2015-02-07,3,6,0.47
2015-02-08,8,7,0.5
2015-02-09,4,17,0.79
2015-02-10,2,24,0.7
2015-02-11,3,12,0.52
2015-02-12,2,21,0.54
2015-02-13,-5,20,0.36
2015-02-14,0,27,0.5
2015-02-15,-9,35,0.33
2015-02-16,-9,9,0.59
2015-02-17,-6,9,0.64
2015-02-18,-3,14,0.57
2015-02-19,-9,25,0.4
2015-02-20,-10,14,0.34
2015-02-21,-3,16,0.72
2015-02-22,4,6,0.75
2015-02-23,-1,24,0.43
2015-02-24,-5,13,0.42
2015-02-25,0,7,0.51
2015-02-26,1,13,0.68
2015-02-27,0,15,0.5
2015-02-28,-3,8,0.4
2015-03-01,-1,10,0.76
2015-03-02,3,12,0.68
2015-03-03,1,16,0.59
2015-03-04,7,8,0.85
2015-03-05,1,21,0.78
2015-03-06,-5,12,0.48
2015-03-07,1,13,0.56
2015-03-08,8,9,0.49
2015-03-09,9,5,0.51
2015-03-10,8,4,0.82
2015-03-11,12,8,0.74
2015-03-12,11,15,0.35
2015-03-13,8,7,0.43
2015-03-14,10,13,0.87
2015-03-15,11,21,0.52
2015-03-16,11,6,0.55
2015-03-17,13,23,0.48
2015-03-18,6,18,0.27
2015-03-19,8,6,0.39
2015-03-20,4,12,0.81
2015-03-21,8,10,0.69
2015-03-22,10,18,0.4
2015-03-23,6,13,0.34
2015-03-24,6,9,0.39
2015-03-25,7,7,0.58
2015-03-26,16,17,0.71
2015-03-27,9,19,0.62
2015-03-28,2,26,0.39
2015-03-29,3,16,0.32
2015-03-30,11,20,0.36
2015-03-31,14,22,0.44
2015-04-01,10,15,0.45
2015-04-02,15,24,0.43
2015-04-03,19,21,0.67
2015-04-04,15,24,0.43
2015-04-05,13,17,0.3
2015-04-06,17,17,0.43
2015-04-07,19,13,0.71
2015-04-08,10,19,0.84
2015-04-09,8,14,0.84
2015-04-10,11,9,0.85
2015-04-11,16,18,0.37
2015-04-12,15,8,0.4
2015-04-13,19,19,0.5
2015-04-14,16,13,0.8
2015-04-15,16,12,0.46
2015-04-16,17,10,0.48
2015-04-17,20,9,0.73
2015-04-18,22,6,0.53
2015-04-19,17,21,0.56
2015-04-20,20,18,0.78
2015-04-21,18,18,0.43
2015-04-22,16,21,0.47
2015-04-23,11,20,0.36
2015-04-24,11,21,0.31
2015-04-25,9,11,0.58
2015-04-26,13,8,0.54
2015-04-27,13,20,0.47
2015-04-28,16,19,0.46
2015-04-29,18,7,0.47
2015-04-30,18,11,0.58
2015-05-01,14,14,0.69
2015-05-02,17,7,0.55
2015-05-03,21,8,0.5
2015-05-04,22,15,0.54
2015-05-05,23,14,0.64
2015-05-06,23,9,0.68
2015-05-07,22,9,0.63
2015-05-08,23,8,0.64
2015-05-09,22,9,0.76
2015-05-10,24,9,0.75
2015-05-11,25,8,0.75
2015-05-12,27,16,0.55
2015-05-13,18,25,0.44
2015-05-14,17,12,0.45
2015-05-15,20,16,0.57
2015-05-16,23,15,0.72
2015-05-17,25,7,0.73
2015-05-18,26,12,0.72
2015-05-19,26,8,0.65
2015-05-20,20,23,0.45
2015-05-21,13,13,0.74
2015-05-22,19,17,0.48
2015-05-23,19,13,0.34
2015-05-24,21,13,0.58
2015-05-25,25,19,0.58
2015-05-26,26,18,0.64
2015-05-27,26,15,0.7
2015-05-28,27,13,0.65
2015-05-29,26,12,0.69
2015-05-30,26,17,0.69
2015-05-31,28,20,0.64
2015-06-01,26,18,0.72
2015-06-02,19,14,0.85
2015-06-03,16,18,0.81
2015-06-04,17,15,0.83
2015-06-05,19,9,0.77
2015-06-06,23,14,0.7
2015-06-07,23,14,0.66
2015-06-08,24,16,0.75
2015-06-09,26,19,0.58
2015-06-10,25,12,0.58
2015-06-11,28,13,0.67
2015-06-12,29,19,0.68
2015-06-13,29,10,0.64
2015-06-14,29,10,0.71
2015-06-15,29,13,0.71
2015-06-16,30,15,0.63
2015-06-17,26,7,0.65
2015-06-18,26,11,0.78
2015-06-19,27,13,0.68
2015-06-20,27,14,0.76
2015-06-21,28,14,0.7
2015-06-22,30,12,0.55
2015-06-23,28,21,0.72
2015-06-24,26,14,0.57
2015-06-25,26,10,0.64
2015-06-26,24,10,0.69
2015-06-27,23,19,0.84
2015-06-28,23,14,0.66
2015-06-29,24,12,0.55
2015-06-30,26,13,0.72
2015-07-01,24,17,0.76
2015-07-02,24,8,0.76
2015-07-03,23,5,0.76
2015-07-04,24,5,0.83
2015-07-05,25,6,0.76
2015-07-06,27,11,0.76
2015-07-07,28,13,0.73
2015-07-08,27,15,0.78
2015-07-09,30,12,0.67
2015-07-10,28,16,0.56
2015-07-11,26,8,0.69
2015-07-12,27,7,0.59
2015-07-13,25,8,0.74
2015-07-14,27,10,0.75
2015-07-15,27,17,0.64
2015-07-16,24,12,0.53
2015-07-17,25,13,0.72
2015-07-18,27,12,0.75
2015-07-19,31,10,0.69
2015-07-20,32,10,0.61
2015-07-21,30,11,0.61
2015-07-22,27,16,0.46
2015-07-23,27,10,0.46
2015-07-24,27,11,0.48
2015-07-25,28,11,0.55
2015-07-26,28,18,0.58
2015-07-27,27,9,0.71
2015-07-28,29,8,0.71
2015-07-29,29,13,0.71
2015-07-30,28,17,0.76
2015-07-31,29,13,0.48
2015-08-01,29,11,0.52
2015-08-02,28,10,0.49
2015-08-03,28,15,0.58
2015-08-04,29,13,0.55
2015-08-05,29,10,0.53
2015-08-06,26,11,0.54
2015-08-07,24,14,0.68
2015-08-08,27,13,0.54
2015-08-09,27,12,0.59
2015-08-10,24,17,0.8
2015-08-11,27,17,0.75
2015-08-12,26,17,0.53
2015-08-13,25,11,0.48
2015-08-14,25,7,0.57
2015-08-15,25,12,0.62
2015-08-16,27,11,0.61
2015-08-17,28,13,0.64
2015-08-18,27,10,0.73
2015-08-19,28,16,0.71
2015-08-20,26,12,0.84
2015-08-21,25,14,0.6
2015-08-22,24,10,0.53
2015-08-23,24,8,0.56
2015-08-24,26,15,0.73
2015-08-25,25,12,0.58
2015-08-26,23,13,0.52
2015-08-27,23,11,0.56
2015-08-28,24,6,0.61
2015-08-29,25,15,0.62
2015-08-30,25,12,0.69
2015-08-31,27,13,0.65
2015-09-01,28,8,0.69
2015-09-02,28,7,0.65
2015-09-03,28,11,0.63
2015-09-04,28,11,0.66
2015-09-05,25,13,0.71
2015-09-06,25,8,0.57
2015-09-07,26,9,0.66
2015-09-08,28,14,0.69
2015-09-09,28,14,0.75
2015-09-10,25,14,0.8
2015-09-11,24,13,0.61
2015-09-12,22,10,0.85
2015-09-13,20,18,0.54
2015-09-14,20,14,0.5
2015-09-15,22,6,0.53
2015-09-16,23,6,0.58
2015-09-17,23,8,0.64
2015-09-18,23,10,0.66
2015-09-19,23,11,0.79
2015-09-20,23,17,0.58
2015-09-21,19,17,0.68
2015-09-22,20,16,0.71
2015-09-23,21,14,0.6
2015-09-24,21,12,0.59
2015-09-25,20,18,0.7
2015-09-26,20,21,0.63
2015-09-27,20,17,0.73
2015-09-28,23,10,0.78
2015-09-29,24,12,0.91
2015-09-30,22,17,0.86
2015-10-01,14,23,0.93
2015-10-02,12,29,0.92
2015-10-03,13,28,0.94
2015-10-04,14,25,0.83
2015-10-05,15,14,0.71
2015-10-06,17,6,0.68
2015-10-07,19,5,0.75
2015-10-08,19,6,0.74
2015-10-09,20,13,0.84
2015-10-10,16,14,0.6
2015-10-11,14,6,0.71
2015-10-12,17,9,0.74
2015-10-13,18,10,0.8
2015-10-14,17,11,0.57
2015-10-15,15,13,0.59
2015-10-16,15,15,0.55
2015-10-17,11,15,0.51
2015-10-18,8,17,0.49
2015-10-19,8,11,0.6
2015-10-20,12,10,0.66
2015-10-21,15,7,0.7
2015-10-22,17,10,0.7
2015-10-23,17,12,0.58
2015-10-24,13,10,0.71
2015-10-25,16,16,0.72
2015-10-26,12,12,0.56
2015-10-27,11,12,0.77
2015-10-28,19,22,0.91
2015-10-29,18,10,0.73
2015-10-30,12,19,0.54
2015-10-31,11,10,0.65
2015-11-01,15,14,0.83
2015-11-02,15,3,0.8
2015-11-03,14,2,0.73
2015-11-04,16,4,0.7
2015-11-05,16,6,0.96
2015-11-06,20,14,0.84
2015-11-07,16,11,0.73
2015-11-08,11,12,0.5
2015-11-09,10,12,0.76
2015-11-10,14,19,0.94
2015-11-11,14,17,0.66
2015-11-12,14,11,0.74
2015-11-13,14,18,0.34
2015-11-14,9,18,0.41
2015-11-15,10,12,0.52
2015-11-16,12,6,0.57
2015-11-17,12,13,0.7
2015-11-18,13,14,0.78
2015-11-19,17,9,0.94
2015-11-20,11,19,0.38
2015-11-21,8,10,0.62
2015-11-22,7,23,0.53
2015-11-23,3,18,0.46
2015-11-24,7,10,0.53
2015-11-25,8,8,0.67
2015-11-26,10,4,0.75
2015-11-27,11,8,0.82
2015-11-28,13,8,0.82
2015-11-29,9,15,0.9
2015-11-30,6,16,0.86
2015-12-01,8,7,0.95
2015-12-02,12,8,0.97
2015-12-03,8,21,0.52
2015-12-04,7,8,0.62
2015-12-05,6,4,0.71
2015-12-06,4,4,0.88
2015-12-07,9,8,0.62
2015-12-08,8,6,0.67
2015-12-09,7,10,0.91
2015-12-10,10,4,0.78
2015-12-11,11,6,0.81
2015-12-12,13,5,0.85
2015-12-13,14,8,0.87
2015-12-14,17,18,0.92
2015-12-15,15,20,0.59
2015-12-16,11,8,0.67
2015-12-17,11,5,0.94
2015-12-18,7,21,0.6
2015-12-19,3,16,0.43
2015-12-20,4,10,0.49
2015-12-21,10,19,0.64
2015-12-22,13,12,0.92
2015-12-23,16,9,0.98
2015-12-24,19,16,0.93
2015-12-25,18,9,0.98
2015-12-26,13,15,0.9
2015-12-27,16,18,0.9
2015-12-28,7,22,0.74
2015-12-29,9,11,0.93
2015-12-30,11,7,0.95
2015-12-31,11,12,0.79
2016-01-01,6,13,0.57
2016-01-02,5,10,0.56
2016-01-03,4,13,0.63
2016-01-04,0,27,0.46
2016-01-05,-4,16,0.42
2016-01-06,-1,6,0.54
2016-01-07,4,4,0.8
2016-01-08,5,7,0.92
2016-01-09,7,7,0.92
2016-01-10,12,24,0.76
2016-01-11,1,16,0.39
2016-01-12,3,24,0.5
2016-01-13,-3,16,0.38
2016-01-14,4,12,0.49
2016-01-15,6,10,0.73
2016-01-16,7,14,0.82
2016-01-17,2,9,0.78
2016-01-18,-6,28,0.43
2016-01-19,-6,24,0.41
2016-01-20,-4,12,0.64
2016-01-21,-2,19,0.58
2016-01-22,-4,21,0.75
2016-01-23,-3,36,0.88
2016-01-24,-2,15,0.59
2016-01-25,-2,4,0.73
2016-01-26,6,13,0.64
2016-01-27,4,15,0.57
2016-01-28,1,7,0.71
2016-01-29,2,19,0.6
2016-01-30,2,12,0.58
2016-01-31,8,15,0.58
2016-02-01,9,14,0.78
2016-02-02,6,10,0.66
2016-02-03,10,12,0.92
2016-02-04,11,19,0.77
2016-02-05,4,25,0.59
2016-02-06,3,10,0.58
2016-02-07,4,12,0.58
2016-02-08,5,13,0.62
2016-02-09,3,12,0.83
2016-02-10,0,21,0.52
2016-02-11,-4,23,0.37
2016-02-12,-4,10,0.49
2016-02-13,-6,28,0.48
2016-02-14,-7,15,0.46
2016-02-15,-3,9,0.88
2016-02-16,5,15,0.87
2016-02-17,4,12,0.66
2016-02-18,2,18,0.45
2016-02-19,1,13,0.51
2016-02-20,9,18,0.57
2016-02-21,10,10,0.89
2016-02-22,8,11,0.67
2016-02-23,6,18,0.9
2016-02-24,12,18,0.92
2016-02-25,8,28,0.5
2016-02-26,2,26,0.44
2016-02-27,3,11,0.49
2016-02-28,10,18,0.52
2016-02-29,14,18,0.42
2016-03-01,12,14,0.58
2016-03-02,6,30,0.5
2016-03-03,1,11,0.59
2016-03-04,2,17,0.78
2016-03-05,4,12,0.56
2016-03-06,6,7,0.67
2016-03-07,10,17,0.63
2016-03-08,16,9,0.51
2016-03-09,17,11,0.53
2016-03-10,20,19,0.61
2016-03-11,19,15,0.53
2016-03-12,13,8,0.64
2016-03-13,12,15,0.79
2016-03-14,10,17,0.9
2016-03-15,11,10,0.82
2016-03-16,16,8,0.76
2016-03-17,15,12,0.53
2016-03-18,15,17,0.3
2016-03-19,5,18,0.75
2016-03-20,4,16,0.7
2016-03-21,7,18,0.48
2016-03-22,10,16,0.48
2016-03-23,16,20,0.4
2016-03-24,18,19,0.48
2016-03-25,18,24,0.61
2016-03-26,10,12,0.54
2016-03-27,11,12,0.81
2016-03-28,12,14,0.78
2016-03-29,12,25,0.4
2016-03-30,11,15,0.43
2016-03-31,18,29,0.6
2016-04-01,22,24,0.7
2016-04-02,14,20,0.59
2016-04-03,7,25,0.39
2016-04-04,14,25,0.53
2016-04-05,4,26,0.43
2016-04-06,8,20,0.48
2016-04-07,13,20,0.77
2016-04-08,9,18,0.44
2016-04-09,5,20,0.68
2016-04-10,5,16,0.44
2016-04-11,15,26,0.5
2016-04-12,16,26,0.55
2016-04-13,10,10,0.4
2016-04-14,12,8,0.52
2016-04-15,12,7,0.52
2016-04-16,15,10,0.47
2016-04-17,16,6,0.45
2016-04-18,20,8,0.46
2016-04-19,21,17,0.44
2016-04-20,16,12,0.29
2016-04-21,17,18,0.55
2016-04-22,20,17,0.74
2016-04-23,18,19,0.76
2016-04-24,14,14,0.35
2016-04-25,18,12,0.62
2016-04-26,24,19,0.52
2016-04-27,14,12,0.83
2016-04-28,11,16,0.91
2016-04-29,11,12,0.89
2016-04-30,12,10,0.82
2016-05-01,12,12,0.93
2016-05-02,17,12,0.9
2016-05-03,18,12,0.85
2016-05-04,13,15,0.89
2016-05-05,12,18,0.83
2016-05-06,12,13,0.86
2016-05-07,13,11,0.8
2016-05-08,17,16,0.55
2016-05-09,14,9,0.74
2016-05-10,16,11,0.72
2016-05-11,14,8,0.91
2016-05-12,16,8,0.88
2016-05-13,19,12,0.82
2016-05-14,17,19,0.68
2016-05-15,13,22,0.42
2016-05-16,14,13,0.44
2016-05-17,13,8,0.84
2016-05-18,15,9,0.73
2016-05-19,17,9,0.64
2016-05-20,19,8,0.59
2016-05-21,14,17,0.87
2016-05-22,13,15,0.93
2016-05-23,17,12,0.8
2016-05-24,22,14,0.57
2016-05-25,23,8,0.61
2016-05-26,24,13,0.69
2016-05-27,25,14,0.71
2016-05-28,26,16,0.67
2016-05-29,22,10,0.85
2016-05-30,23,11,0.83
2016-05-31,25,6,0.74
2016-06-01,25,9,0.71
2016-06-02,23,8,0.77
2016-06-03,23,10,0.89
2016-06-04,24,11,0.86
2016-06-05,24,17,0.83
2016-06-06,25,14,0.63
2016-06-07,25,16,0.59
2016-06-08,20,23,0.44
2016-06-09,21,15,0.42
2016-06-10,23,16,0.4
2016-06-11,27,16,0.6
2016-06-12,28,23,0.43
2016-06-13,23,18,0.44
2016-06-14,24,14,0.43
2016-06-15,23,10,0.7
2016-06-16,24,13,0.81
2016-06-17,22,17,0.71
2016-06-18,24,10,0.51
2016-06-19,25,11,0.45
2016-06-20,27,12,0.49
2016-06-21,25,14,0.77
2016-06-22,25,13,0.62
2016-06-23,24,12,0.8
2016-06-24,26,14,0.71
2016-06-25,25,13,0.61
2016-06-26,25,8,0.54
2016-06-27,25,16,0.74
2016-06-28,24,13,0.86
2016-06-29,24,16,0.66
2016-06-30,24,10,0.57
2016-07-01,26,12,0.77
2016-07-02,24,15,0.55
2016-07-03,21,8,0.74
2016-07-04,22,16,0.91
2016-07-05,27,14,0.81
2016-07-06,31,9,0.61
2016-07-07,30,13,0.65
2016-07-08,28,13,0.7
2016-07-09,29,14,0.63
2016-07-10,27,16,0.51
2016-07-11,27,8,0.53
2016-07-12,27,13,0.67
2016-07-13,27,10,0.78
2016-07-14,30,16,0.66
2016-07-15,29,13,0.57
2016-07-16,27,14,0.67
2016-07-17,27,12,0.66
2016-07-18,27,18,0.73
2016-07-19,26,17,0.69
2016-07-20,25,10,0.68
2016-07-21,27,10,0.63
2016-07-22,29,14,0.65
2016-07-23,32,15,0.55
2016-07-24,31,11,0.56
2016-07-25,32,14,0.65
2016-07-26,31,11,0.59
2016-07-27,31,10,0.57
2016-07-28,28,15,0.76
2016-07-29,26,14,0.79
2016-07-30,27,15,0.78
2016-07-31,27,8,0.78
2016-08-01,28,10,0.7
2016-08-02,27,12,0.73
2016-08-03,25,12,0.68
2016-08-04,25,10,0.63
2016-08-05,26,14,0.75
2016-08-06,27,13,0.81
2016-08-07,28,12,0.48
2016-08-08,26,10,0.6
2016-08-09,25,7,0.78
2016-08-10,28,16,0.76
2016-08-11,31,18,0.65
2016-08-12,31,18,0.66
2016-08-13,32,18,0.66
2016-08-14,32,15,0.59
2016-08-15,27,16,0.74
2016-08-16,28,14,0.78
2016-08-17,28,14,0.71
2016-08-18,28,12,0.71
2016-08-19,28,8,0.58
2016-08-20,28,10,0.61
2016-08-21,26,17,0.81
2016-08-22,25,15,0.56
2016-08-23,24,9,0.58
2016-08-24,25,14,0.64
2016-08-25,27,16,0.73
2016-08-26,30,12,0.66
2016-08-27,29,11,0.6
2016-08-28,27,9,0.68
2016-08-29,28,8,0.63
2016-08-30,28,11,0.54
2016-08-31,28,12,0.67
2016-09-01,25,12,0.81
2016-09-03,24,25,0.57
2016-09-04,24,13,0.53
2016-09-05,25,9,0.55
2016-09-06,28,18,0.49
2016-09-07,27,10,0.66
2016-09-08,29,12,0.7
2016-09-09,30,12,0.67
2016-09-10,29,16,0.72
2016-09-11,27,18,0.56
2016-09-12,24,13,0.53
2016-09-13,26,16,0.67
2016-09-14,27,11,0.57
2016-09-15,23,16,0.61
2016-09-16,22,11,0.64
2016-09-17,24,13,0.72
2016-09-18,25,15,0.81
2016-09-19,24,10,0.92
2016-09-20,24,14,0.85
2016-09-21,25,13,0.74
2016-09-22,25,12,0.62
2016-09-23,25,7,0.69
2016-09-24,22,14,0.79
2016-09-25,19,10,0.6
2016-09-26,20,17,0.76
2016-09-27,20,9,0.83
2016-09-28,20,16,0.94
2016-09-29,20,24,0.94
2016-09-30,18,24,0.97
2016-10-01,18,15,0.97
2016-10-02,20,7,0.91
2016-10-03,21,10,0.73
2016-10-04,19,15,0.79
2016-10-05,18,13,0.75
2016-10-06,18,12,0.83
2016-10-07,19,12,0.87
2016-10-08,19,15,0.95
2016-10-09,16,32,0.64
2016-10-10,14,18,0.52
2016-10-11,14,7,0.65
2016-10-12,15,6,0.78
2016-10-13,15,10,0.86
2016-10-14,14,9,0.59
2016-10-15,15,8,0.69
2016-10-16,17,11,0.87
2016-10-17,20,11,0.82
2016-10-18,21,13,0.82
2016-10-19,24,8,0.77
2016-10-20,24,13,0.79
2016-10-21,20,22,0.8
2016-10-22,13,31,0.51
2016-10-23,14,17,0.54
2016-10-24,16,18,0.54
2016-10-25,13,19,0.47
2016-10-26,10,7,0.59
2016-10-27,14,12,0.85
2016-10-28,14,21,0.55
2016-10-29,15,13,0.72
2016-10-30,20,16,0.76
2016-10-31,13,15,0.58
2016-11-01,13,9,0.75
2016-11-02,16,8,0.85
2016-11-03,20,15,0.74
2016-11-04,15,19,0.52
2016-11-05,13,9,0.55
2016-11-06,15,15,0.46
2016-11-07,11,9,0.52
2016-11-08,12,8,0.64
2016-11-09,14,17,0.8
2016-11-10,11,18,0.53
2016-11-11,13,22,0.45
2016-11-12,7,13,0.47
2016-11-13,8,9,0.58
2016-11-14,9,6,0.65
2016-11-15,12,10,0.59
2016-11-16,12,10,0.69
2016-11-17,12,10,0.66
2016-11-18,12,6,0.68
2016-11-19,11,19,0.67
2016-11-20,5,32,0.44
2016-11-21,4,20,0.36
2016-11-22,5,16,0.4
2016-11-23,7,5,0.48
2016-11-24,10,4,0.65
2016-11-25,10,6,0.78
2016-11-26,8,20,0.59
2016-11-27,7,10,0.54
2016-11-28,7,11,0.67
2016-11-29,13,9,0.92
2016-11-30,16,10,0.97
2016-12-01,12,19,0.58
2016-12-02,9,20,0.47
2016-12-03,7,22,0.52
2016-12-04,6,12,0.64
2016-12-05,7,14,0.8
2016-12-06,7,17,0.85
2016-12-07,7,13,0.76
2016-12-08,6,14,0.53
2016-12-09,1,22,0.47
2016-12-10,0,16,0.46
2016-12-11,2,11,0.56
2016-12-12,8,17,0.81
2016-12-13,6,7,0.65
2016-12-14,6,12,0.57
2016-12-15,-3,27,0.31
2016-12-16,-5,12,0.35
2016-12-17,1,14,0.88
2016-12-18,10,27,0.79
2016-12-19,1,15,0.53
2016-12-20,0,8,0.59
2016-12-21,4,8,0.57
2016-12-22,7,17,0.49
2016-12-23,4,9,0.64
2016-12-24,5,9,0.95
2016-12-25,6,6,0.82
2016-12-26,6,9,0.84
2016-12-27,15,20,0.7
2016-12-28,7,13,0.52
2016-12-29,6,13,0.8
2016-12-30,4,19,0.51
2016-12-31,5,21,0.49
2017-01-01,8,7,0.53
2017-01-02,6,13,0.93
2017-01-03,7,9,0.98
2017-01-04,8,14,0.83
2017-01-05,1,10,0.51
2017-01-06,0,20,0.55
2017-01-07,-5,24,0.62
2017-01-08,-7,23,0.41
2017-01-09,-6,14,0.46
2017-01-10,0,19,0.5
2017-01-11,8,15,0.77
2017-01-12,16,31,0.71
2017-01-13,11,20,0.54
2017-01-14,2,8,0.85
2017-01-15,5,10,0.67
2017-01-16,5,9,0.66
2017-01-17,8,8,0.96
2017-01-18,9,12,0.84
2017-01-19,8,10,0.7
2017-01-20,7,7,0.92
2017-01-21,9,8,0.98
2017-01-22,9,13,0.98
2017-01-23,7,35,0.92
2017-01-24,6,24,0.79
2017-01-25,11,10,0.58
2017-01-26,10,19,0.55
2017-01-27,5,23,0.42
2017-01-28,4,13,0.46
2017-01-29,5,11,0.56
2017-01-30,1,16,0.68
2017-01-31,6,14,0.48
2017-02-01,6,8,0.65
2017-02-02,6,13,0.48
2017-02-03,2,18,0.37
2017-02-04,0,16,0.36
2017-02-05,5,16,0.45
2017-02-06,8,12,0.65
2017-02-07,15,21,0.61
2017-02-08,16,16,0.62
2017-02-09,3,34,0.65
2017-02-10,0,18,0.37
2017-02-11,7,8,0.53
2017-02-12,10,17,0.72
2017-02-13,5,30,0.41
2017-02-14,4,11,0.62
2017-02-15,6,17,0.55
2017-02-16,2,21,0.46
2017-02-17,4,7,0.49
2017-02-18,10,11,0.55
2017-02-19,17,15,0.51
2017-02-20,13,11,0.54
2017-02-21,10,11,0.51
2017-02-22,11,11,0.77
2017-02-23,16,16,0.8
2017-02-24,17,17,0.75
2017-02-25,16,26,0.71
2017-02-26,6,18,0.41
2017-02-27,8,10,0.56
2017-02-28,14,8,0.71
2017-03-01,18,26,0.79
2017-03-02,9,29,0.39
2017-03-03,3,24,0.5
2017-03-04,2,20,0.36
2017-03-05,0,12,0.3
2017-03-06,7,10,0.54
2017-03-07,14,17,0.7
2017-03-08,15,21,0.37
2017-03-09,16,15,0.26
2017-03-10,6,26,0.54
2017-03-11,0,23,0.36
2017-03-12,1,19,0.37
2017-03-13,1,17,0.66
2017-03-14,1,33,0.8
2017-03-15,-2,30,0.44
2017-03-16,1,18,0.43
2017-03-17,5,9,0.49
2017-03-18,8,14,0.79
2017-03-19,6,23,0.77
2017-03-20,8,11,0.55
2017-03-21,12,11,0.56
2017-03-22,8,26,0.32
2017-03-23,4,12,0.3
2017-03-24,8,21,0.6
2017-03-25,18,14,0.61
2017-03-26,10,19,0.88
2017-03-27,13,8,0.87
2017-03-28,19,13,0.75
2017-03-29,16,17,0.61
2017-03-30,10,15,0.54
2017-03-31,9,16,0.93
2017-04-01,11,21,0.73
2017-04-02,13,14,0.49
2017-04-03,14,16,0.7
2017-04-04,20,20,0.7
2017-04-05,19,13,0.49
2017-04-06,14,15,0.88
2017-04-07,8,28,0.5
2017-04-08,11,17,0.32
2017-04-09,14,11,0.49
2017-04-10,19,15,0.5
2017-04-11,22,16,0.54
2017-04-12,21,13,0.5
2017-04-13,18,11,0.37
2017-04-14,17,8,0.47
2017-04-15,18,10,0.66
2017-04-16,25,19,0.55
2017-04-17,20,12,0.68
2017-04-18,18,13,0.49
2017-04-19,14,14,0.72
2017-04-20,20,15,0.77
2017-04-21,21,8,0.85
2017-04-22,15,17,0.92
2017-04-23,13,13,0.67
2017-04-24,13,19,0.78
2017-04-25,14,27,0.93
2017-04-26,17,13,0.87
2017-04-27,21,11,0.76
2017-04-28,23,12,0.7
2017-04-29,26,14,0.72
2017-04-30,25,14,0.78
2017-05-01,24,23,0.74
2017-05-02,23,24,0.52
2017-05-03,17,19,0.41
2017-05-04,16,19,0.61
2017-05-05,19,21,0.9
2017-05-06,14,18,0.83
2017-05-07,13,20,0.53
2017-05-08,14,16,0.4
2017-05-09,14,12,0.43
2017-05-10,17,8,0.52
2017-05-11,13,14,0.9
2017-05-12,12,14,0.81
2017-05-13,12,20,0.85
2017-05-14,18,19,0.59
2017-05-15,19,22,0.36
2017-05-16,20,11,0.56
2017-05-17,24,14,0.63
2017-05-18,25,17,0.68
2017-05-19,27,15,0.69
2017-05-20,21,19,0.71
2017-05-21,18,12,0.56
2017-05-22,18,6,0.88
2017-05-23,17,10,0.86
2017-05-24,17,15,0.83
2017-05-25,17,15,0.89
2017-05-26,20,17,0.67
2017-05-27,20,6,0.78
2017-05-28,20,10,0.89
2017-05-29,21,8,0.81
2017-05-30,19,13,0.91
2017-05-31,21,9,0.87
2017-06-01,23,12,0.56
2017-06-02,23,12,0.46
2017-06-03,23,15,0.5
2017-06-04,24,14,0.66
2017-06-05,23,12,0.8
2017-06-06,22,17,0.61
2017-06-07,18,15,0.77
2017-06-08,19,11,0.62
2017-06-09,23,12,0.52
2017-06-10,25,12,0.61
2017-06-11,28,12,0.6
2017-06-12,29,10,0.61
2017-06-13,29,12,0.67
2017-06-14,28,15,0.63
2017-06-15,25,12,0.65
2017-06-16,25,9,0.8
2017-06-17,25,13,0.87
2017-06-18,28,23,0.77
2017-06-19,26,22,0.81
2017-06-20,26,15,0.67
2017-06-21,27,14,0.65
2017-06-22,28,11,0.7
2017-06-23,27,23,0.8
2017-06-24,27,21,0.62
2017-06-25,27,15,0.44
2017-06-26,25,16,0.39
2017-06-27,24,14,0.43
2017-06-28,23,12,0.48
2017-06-29,26,21,0.59
2017-06-30,28,21,0.59
2017-07-01,27,19,0.76
2017-07-02,29,9,0.66
2017-07-03,29,10,0.56
2017-07-04,28,8,0.66
2017-07-05,25,14,0.86
2017-07-06,25,12,0.93
2017-07-07,26,12,0.8
2017-07-08,27,13,0.58
2017-07-09,26,12,0.53
2017-07-10,27,14,0.69
2017-07-11,28,14,0.69
2017-07-12,30,12,0.6
2017-07-13,31,14,0.65
2017-07-14,27,17,0.8
2017-07-15,27,15,0.69
2017-07-16,27,11,0.6
2017-07-17,28,13,0.71
2017-07-18,29,14,0.73
2017-07-19,30,10,0.67
2017-07-20,32,11,0.61
2017-07-21,32,9,0.58
2017-07-22,27,15,0.8
2017-07-23,25,12,0.9
2017-07-24,28,13,0.75
2017-07-25,25,18,0.6
2017-07-26,25,10,0.67
2017-07-27,26,14,0.8
2017-07-28,24,12,0.93
2017-07-29,22,27,0.83
2017-07-30,23,12,0.55
2017-07-31,26,5,0.62
2017-08-01,27,10,0.68
2017-08-02,27,11,0.71
2017-08-03,26,12,0.79
2017-08-04,27,16,0.72
2017-08-05,25,19,0.58
2017-08-06,24,9,0.59
2017-08-07,22,12,0.94
2017-08-08,23,12,0.78
2017-08-09,24,7,0.6
2017-08-10,25,8,0.64
2017-08-11,24,9,0.83
2017-08-12,24,10,0.9
2017-08-13,25,11,0.7
2017-08-14,25,5,0.77
2017-08-15,25,7,0.9
2017-08-16,27,7,0.8
2017-08-17,28,14,0.8
2017-08-18,28,16,0.86
2017-08-19,28,13,0.67
2017-08-20,26,10,0.61
2017-08-21,27,13,0.81
2017-08-22,28,18,0.77
2017-08-23,27,13,0.61
2017-08-24,25,11,0.54
2017-08-25,23,10,0.67
2017-08-26,23,10,0.64
2017-08-27,22,12,0.63
2017-08-28,21,17,0.67
2017-08-29,20,19,0.93
2017-08-30,21,10,0.75
2017-08-31,25,10,0.69
2017-09-01,19,17,0.61
2017-09-02,16,17,0.92
2017-09-03,20,10,0.79
2017-09-04,23,14,0.7
2017-09-05,24,15,0.77
2017-09-06,19,13,0.93
2017-09-07,19,12,0.71
2017-09-08,19,10,0.63
2017-09-09,18,15,0.61
2017-09-10,18,13,0.65
2017-09-11,19,10,0.66
2017-09-12,21,6,0.64
2017-09-13,22,7,0.88
2017-09-14,24,10,0.78
2017-09-15,24,7,0.71
2017-09-16,25,5,0.75
2017-09-17,24,6,0.83
2017-09-18,23,14,0.86
2017-09-19,24,19,0.77
2017-09-20,25,13,0.67
2017-09-21,26,8,0.66
2017-09-22,25,8,0.72
2017-09-23,25,10,0.62
2017-09-24,26,8,0.64
2017-09-25,27,7,0.69
2017-09-26,25,14,0.76
2017-09-27,27,17,0.71
2017-09-28,24,22,0.53
2017-09-29,19,11,0.53
2017-09-30,18,24,0.54
2017-10-01,16,10,0.6
2017-10-02,18,6,0.67
2017-10-03,18,9,0.69
2017-10-04,19,11,0.75
2017-10-05,20,12,0.74
2017-10-06,23,9,0.72
2017-10-07,24,16,0.78
2017-10-08,25,14,0.89
2017-10-09,25,22,0.9
2017-10-10,26,4,0.8
2017-10-11,22,13,0.94
2017-10-12,18,21,0.83
2017-10-13,17,14,0.84
2017-10-14,18,9,0.91
2017-10-15,20,14,0.9
2017-10-16,17,21,0.59
2017-10-17,12,11,0.53
2017-10-18,14,9,0.63
2017-10-19,16,11,0.71
2017-10-20,19,9,0.63
2017-10-21,18,5,0.62
2017-10-22,18,8,0.7
2017-10-23,19,14,0.88
2017-10-24,19,19,0.8
2017-10-25,15,14,0.51
2017-10-26,12,18,0.52
2017-10-27,13,10,0.62
2017-10-28,17,17,0.67
2017-10-29,14,20,0.91
2017-10-30,11,23,0.59
2017-10-31,12,9,0.55
2017-11-01,12,10,0.73
2017-11-02,17,11,0.79
2017-11-03,19,13,0.77
2017-11-04,12,12,0.76
2017-11-05,14,9,0.98
2017-11-06,18,17,0.85
2017-11-07,7,20,0.88
2017-11-08,8,17,0.78
2017-11-09,10,8,0.85
2017-11-10,6,23,0.56
2017-11-11,1,11,0.42
2017-11-12,5,4,0.61
2017-11-13,7,10,0.81
2017-11-14,7,14,0.67
2017-11-15,8,8,0.71
2017-11-16,11,18,0.62
2017-11-17,8,14,0.54
2017-11-18,10,22,0.68
2017-11-19,11,27,0.56
2017-11-20,7,16,0.43
2017-11-21,11,18,0.59
2017-11-22,10,19,0.61
2017-11-23,4,9,0.56
2017-11-24,6,10,0.68
2017-11-25,10,10,0.63
2017-11-26,10,11,0.47
2017-11-27,9,11,0.56
2017-11-28,9,10,0.67
2017-11-29,11,12,0.6
2017-11-30,10,8,0.67
2017-12-01,10,12,0.66
2017-12-02,7,5,0.75
2017-12-03,8,7,0.73
2017-12-04,8,8,0.74
2017-12-05,11,15,0.92
2017-12-06,8,20,0.46
2017-12-07,7,13,0.41
2017-12-08,4,9,0.55
2017-12-09,1,15,0.87
2017-12-10,2,11,0.7
2017-12-11,5,12,0.63
2017-12-12,5,21,0.55
2017-12-13,-1,24,0.36
2017-12-14,3,20,0.44
2017-12-15,-2,8,0.71
2017-12-16,3,14,0.61
2017-12-17,5,5,0.67
2017-12-18,8,6,0.68
2017-12-19,10,10,0.66
2017-12-20,9,14,0.48
2017-12-21,4,6,0.54
2017-12-22,8,9,0.64
2017-12-23,12,23,0.84
2017-12-24,6,14,0.73
2017-12-25,2,21,0.46
2017-12-26,1,12,0.36
2017-12-27,-2,19,0.47
2017-12-28,-7,17,0.42
2017-12-29,-4,12,0.44
2017-12-30,-4,11,0.7
2017-12-31,-7,20,0.47
2018-01-01,-8,19,0.47
2018-01-02,-7,13,0.43
2018-01-03,-4,9,0.56
2018-01-04,-4,31,0.67
2018-01-05,-9,25,0.37
2018-01-06,-9,22,0.38
2018-01-07,-9,15,0.44
2018-01-08,-1,14,0.64
2018-01-09,2,10,0.89
2018-01-10,3,8,0.72
2018-01-11,10,9,0.77
2018-01-12,16,19,0.99
2018-01-13,6,33,0.72
2018-01-14,-6,21,0.42
2018-01-15,-3,11,0.66
2018-01-16,1,7,0.77
2018-01-17,-2,25,0.72
2018-01-18,0,15,0.38
2018-01-19,3,11,0.51
2018-01-20,5,11,0.57
2018-01-21,8,10,0.68
2018-01-22,12,14,0.64
2018-01-23,13,19,0.73
2018-01-24,6,21,0.51
2018-01-25,2,17,0.48
2018-01-26,3,10,0.61
2018-01-27,10,21,0.55
2018-01-28,10,11,0.94
2018-01-29,7,17,0.68
2018-01-30,1,28,0.52
2018-01-31,-1,17,0.45
2018-02-01,8,17,0.53
2018-02-02,-1,24,0.53
2018-02-03,-2,17,0.43
2018-02-04,2,13,0.82
2018-02-05,1,16,0.62
2018-02-06,1,10,0.67
2018-02-07,2,11,0.84
2018-02-08,0,19,0.54
2018-02-09,3,11,0.68
2018-02-10,8,9,0.94
2018-02-11,12,10,0.99
2018-02-12,9,20,0.62
2018-02-13,3,14,0.55
2018-02-14,6,12,0.77
2018-02-15,15,17,0.8
2018-02-16,14,22,0.76
2018-02-17,2,11,0.83
2018-02-18,5,11,0.76
2018-02-19,7,13,0.92
2018-02-20,17,20,0.78
2018-02-21,20,21,0.76
2018-02-22,11,21,0.81
2018-02-23,7,11,0.91
2018-02-24,10,12,0.96
2018-02-25,10,9,0.96
2018-02-26,10,10,0.76
2018-02-27,9,11,0.5
2018-02-28,11,18,0.58
2018-03-01,11,9,0.86
2018-03-02,8,44,0.55
2018-03-03,6,32,0.49
2018-03-04,6,26,0.4
2018-03-05,4,20,0.38
2018-03-06,3,11,0.76
2018-03-07,5,19,0.81
2018-03-08,4,18,0.45
2018-03-09,4,20,0.41
2018-03-10,5,14,0.46
2018-03-11,5,10,0.46
2018-03-12,3,21,0.68
2018-03-13,4,26,0.49
2018-03-14,3,27,0.42
2018-03-15,6,20,0.39
2018-03-16,4,22,0.43
2018-03-17,4,10,0.51
2018-03-18,8,11,0.42
2018-03-19,8,12,0.54
2018-03-20,2,23,0.86
2018-03-21,1,24,0.87
2018-03-22,4,25,0.53
2018-03-23,5,25,0.4
2018-03-24,6,13,0.42
2018-03-25,5,19,0.57
2018-03-26,5,14,0.59
2018-03-27,5,11,0.69
2018-03-28,9,9,0.8
2018-03-29,14,11,0.76
2018-03-30,16,26,0.58
2018-03-31,10,18,0.43
2018-04-01,13,15,0.47
2018-04-02,8,17,0.71
2018-04-03,9,13,0.76
2018-04-04,13,28,0.56
2018-04-05,7,19,0.36
2018-04-06,14,20,0.44
2018-04-07,8,21,0.46
2018-04-08,6,23,0.36
2018-04-09,6,11,0.56
2018-04-10,8,16,0.55
2018-04-11,10,13,0.46
2018-04-12,16,20,0.46
2018-04-13,22,23,0.38
2018-04-14,23,21,0.52
2018-04-15,12,26,0.82
2018-04-16,12,20,0.77
2018-04-17,7,21,0.44
2018-04-18,10,13,0.47
2018-04-19,11,21,0.56
2018-04-20,10,20,0.37
2018-04-21,11,9,0.42
2018-04-22,14,12,0.54
2018-04-23,15,13,0.49
2018-04-24,14,18,0.74
2018-04-25,15,13,0.86
2018-04-26,17,15,0.46
2018-04-27,14,12,0.79
2018-04-28,16,16,0.67
2018-04-29,10,25,0.46
2018-04-30,15,18,0.31
2018-05-01,19,10,0.38
2018-05-02,23,12,0.42
2018-05-03,25,17,0.49
2018-05-04,25,17,0.58
2018-05-05,21,15,0.45
2018-05-06,18,14,0.69
2018-05-07,19,13,0.6
2018-05-08,20,12,0.55
2018-05-09,20,10,0.54
2018-05-10,22,16,0.64
2018-05-11,23,12,0.57
2018-05-12,24,17,0.66
2018-05-13,19,13,0.86
2018-05-14,20,15,0.85
2018-05-15,24,22,0.74
2018-05-16,21,10,0.87
2018-05-17,20,14,0.91
2018-05-18,18,21,0.91
2018-05-19,17,13,0.9
2018-05-20,25,14,0.74
2018-05-21,23,15,0.64
2018-05-22,21,12,0.82
2018-05-23,24,17,0.66
2018-05-24,23,10,0.54
2018-05-25,24,15,0.68
2018-05-26,26,15,0.73
2018-05-27,24,13,0.82
2018-05-28,20,12,0.86
2018-05-29,23,8,0.83
2018-05-30,24,13,0.83
2018-05-31,24,12,0.86
2018-06-01,26,12,0.73
2018-06-02,25,11,0.79
2018-06-03,19,23,0.87
2018-06-04,19,13,0.7
2018-06-05,22,15,0.53
2018-06-06,21,16,0.58
2018-06-07,21,12,0.65
2018-06-08,23,11,0.74
2018-06-09,24,10,0.77
2018-06-10,23,13,0.79
2018-06-11,17,17,0.83
2018-06-12,20,12,0.71
2018-06-13,24,15,0.79
2018-06-14,27,18,0.46
2018-06-15,25,13,0.43
2018-06-16,25,9,0.55
2018-06-17,27,8,0.62
2018-06-18,28,14,0.69
2018-06-19,28,15,0.75
2018-06-20,26,9,0.64
2018-06-21,26,11,0.74
2018-06-22,22,16,0.82
2018-06-23,22,9,0.86
2018-06-24,26,11,0.75
2018-06-25,25,13,0.62
2018-06-26,23,13,0.57
2018-06-27,24,14,0.76
2018-06-28,27,15,0.7
2018-06-29,28,10,0.58
2018-06-30,28,11,0.66
2018-07-01,29,11,0.68
2018-07-02,30,12,0.7
2018-07-03,32,9,0.64
2018-07-04,30,9,0.66
2018-07-05,29,13,0.71
2018-07-06,29,16,0.66
2018-07-07,24,19,0.47
2018-07-08,24,11,0.48
2018-07-09,25,11,0.48
2018-07-10,29,12,0.48
2018-07-11,30,14,0.45
2018-07-12,27,14,0.47
2018-07-13,26,11,0.6
2018-07-14,27,15,0.49
2018-07-15,27,13,0.62
2018-07-16,29,13,0.64
2018-07-17,27,18,0.76
2018-07-18,26,18,0.51
2018-07-19,26,11,0.48
2018-07-20,26,12,0.59
2018-07-21,22,26,0.86
2018-07-22,23,11,0.83
2018-07-23,26,15,0.81
2018-07-24,25,14,0.84
2018-07-25,25,11,0.84
2018-07-26,26,8,0.78
2018-07-27,27,12,0.72
2018-07-28,27,12,0.61
2018-07-29,26,10,0.59
2018-07-30,23,13,0.8
2018-07-31,25,10,0.81
2018-08-01,26,16,0.79
2018-08-02,25,10,0.85
2018-08-03,25,15,0.83
2018-08-04,26,10,0.79
2018-08-05,28,11,0.69
2018-08-06,28,10,0.73
2018-08-07,27,10,0.75
2018-08-08,29,11,0.69
2018-08-09,29,12,0.6
2018-08-10,29,10,0.6
2018-08-11,28,10,0.69
2018-08-12,26,10,0.78
2018-08-13,25,13,0.74
2018-08-14,25,13,0.62
2018-08-15,28,11,0.58
2018-08-16,28,11,0.71
2018-08-17,29,13,0.7
2018-08-18,28,12,0.64
2018-08-19,26,15,0.7
2018-08-20,25,15,0.75
2018-08-21,25,15,0.86
2018-08-22,26,12,0.69
2018-08-23,23,17,0.54
2018-08-24,24,9,0.57
2018-08-25,24,10,0.61
2018-08-26,25,13,0.69
2018-08-27,28,9,0.75
2018-08-28,29,11,0.74
2018-08-29,30,13,0.72
2018-08-30,30,10,0.61
2018-08-31,28,15,0.73
2018-09-01,26,14,0.83
2018-09-02,27,8,0.76
2018-09-03,29,10,0.75
2018-09-04,29,9,0.71
2018-09-05,29,9,0.71
2018-09-06,30,12,0.67
2018-09-07,26,15,0.79
2018-09-08,22,20,0.87
2018-09-09,18,24,0.89
2018-09-10,22,12,0.88
2018-09-11,23,12,0.89
2018-09-12,25,8,0.81
2018-09-13,24,16,0.85
2018-09-14,24,21,0.86
2018-09-15,24,18,0.8
2018-09-16,23,15,0.8
2018-09-17,25,17,0.87
2018-09-18,26,14,0.83
2018-09-19,26,14,0.68
2018-09-20,24,11,0.76
2018-09-21,22,15,0.82
2018-09-22,23,16,0.73
2018-09-23,17,15,0.87
2018-09-24,18,15,0.92
2018-09-25,24,10,0.85
2018-09-26,24,14,0.86
2018-09-27,17,16,0.81
2018-09-28,18,11,0.79
2018-09-29,21,11,0.67
2018-09-30,20,9,0.7
2018-10-01,22,12,0.78
2018-10-02,23,14,0.75
2018-10-03,25,11,0.72
2018-10-04,24,10,0.78
2018-10-05,21,16,0.74
2018-10-06,22,8,0.82
2018-10-07,24,10,0.86
2018-10-08,25,8,0.83
2018-10-09,24,8,0.83
2018-10-10,25,10,0.83
2018-10-11,25,17,0.86
2018-10-12,16,25,0.55
2018-10-13,13,15,0.59
2018-10-14,13,9,0.72
2018-10-15,18,16,0.83
2018-10-16,15,16,0.57
2018-10-17,16,15,0.49
2018-10-18,12,16,0.45
2018-10-19,13,15,0.64
2018-10-20,15,13,0.74
2018-10-21,10,25,0.49
2018-10-22,9,15,0.58
2018-10-23,14,14,0.56
2018-10-24,11,20,0.48
2018-10-25,9,12,0.55
2018-10-26,9,16,0.8
2018-10-27,11,22,0.83
2018-10-28,13,13,0.7
2018-10-29,12,14,0.61
2018-10-30,12,11,0.63
2018-11-01,18,19,0.74
2018-11-02,18,19,0.82
2018-11-03,13,17,0.57
2018-11-04,11,9,0.63
2018-11-05,12,13,0.88
2018-11-06,14,11,0.92
2018-11-07,14,9,0.68
2018-11-08,13,15,0.49
2018-11-09,10,11,0.83
2018-11-10,6,21,0.48
2018-11-11,4,9,0.52
2018-11-12,7,8,0.79
2018-11-13,8,19,0.78
2018-11-14,5,18,0.48
2018-11-15,3,24,0.82
2018-11-16,6,20,0.7
2018-11-17,7,13,0.59
2018-11-18,7,8,0.74
2018-11-19,10,8,0.76
2018-11-20,10,17,0.62
2018-11-21,6,16,0.54
2018-11-22,1,22,0.4
2018-11-23,0,11,0.38
2018-11-24,5,16,0.79
2018-11-25,8,11,0.78
2018-11-26,10,11,0.82
2018-11-27,5,25,0.48
2018-11-28,2,27,0.45
2018-11-29,3,14,0.49
2018-11-30,5,8,0.61
2018-12-01,5,8,0.86
2018-12-02,10,12,0.92
2018-12-03,12,16,0.63
2018-12-04,6,19,0.52
2018-12-05,2,11,0.58
2018-12-06,4,13,0.49
2018-12-07,4,15,0.48
2018-12-08,1,13,0.53
2018-12-09,1,15,0.53
2018-12-10,1,17,0.56
2018-12-11,2,10,0.57
2018-12-12,4,9,0.58
2018-12-13,7,8,0.63
2018-12-14,7,10,0.84
2018-12-15,11,19,0.91
2018-12-16,8,19,0.85
2018-12-17,9,18,0.54
2018-12-18,5,17,0.46
2018-12-19,4,10,0.64
2018-12-20,7,13,0.83
2018-12-21,15,20,0.82
2018-12-22,8,23,0.56
2018-12-23,7,9,0.6
2018-12-24,7,15,0.53
2018-12-25,4,12,0.5
2018-12-26,4,9,0.66
2018-12-27,6,10,0.67
2018-12-28,10,8,0.92
2018-12-29,9,12,0.77
2018-12-30,6,9,0.68
2018-12-31,8,7,0.89
2019-01-01,13,21,0.71
2019-01-02,8,9,0.69
2019-01-03,8,12,0.63
2019-01-04,7,9,0.8
2019-01-05,9,15,0.79
2019-01-06,9,17,0.55
2019-01-07,3,15,0.55
2019-01-08,9,15,0.75
2019-01-09,6,27,0.47
2019-01-10,1,28,0.42
2019-01-11,0,22,0.43
2019-01-12,0,8,0.71
2019-01-13,-1,18,0.87
2019-01-14,0,12,0.6
2019-01-15,1,12,0.65
2019-01-16,2,13,0.65
2019-01-17,2,9,0.7
2019-01-18,2,8,0.86
2019-01-19,4,11,0.85
2019-01-20,5,24,0.72
2019-01-21,-7,30,0.37
2019-01-22,-4,14,0.44
2019-01-23,5,18,0.54
2019-01-24,11,25,0.81
2019-01-25,3,16,0.43
2019-01-26,1,8,0.5
2019-01-27,4,13,0.57
2019-01-28,1,14,0.38
2019-01-29,2,13,0.78
2019-01-30,-4,27,0.43
2019-01-31,-8,11,0.32
2019-02-01,-6,12,0.7
2019-02-02,-2,10,0.72
2019-02-03,5,7,0.69
2019-02-04,7,7,0.68
2019-02-05,12,9,0.68
2019-02-06,10,11,0.78
2019-02-07,10,10,0.85
2019-02-08,9,18,0.71
2019-02-09,0,22,0.38
2019-02-10,1,12,0.58
2019-02-11,2,11,0.85
2019-02-12,3,12,0.9
2019-02-13,6,14,0.63
2019-02-14,6,11,0.52
2019-02-15,13,23,0.45
2019-02-16,6,21,0.39
2019-02-17,2,12,0.66
2019-02-18,5,20,0.7
2019-02-19,3,16,0.37
2019-02-20,0,11,0.82
2019-02-21,7,8,0.67
2019-02-22,8,10,0.53
2019-02-23,4,13,0.81
2019-02-24,7,17,0.75
2019-02-25,7,29,0.19
2019-02-26,6,14,0.33
2019-02-27,3,12,0.6
2019-02-28,6,17,0.52
2019-03-01,2,16,0.82
2019-03-02,5,14,0.78
2019-03-03,4,14,0.75
2019-03-04,3,22,0.62
2019-03-05,1,17,0.4
2019-03-06,-2,23,0.36
2019-03-07,1,13,0.39
2019-03-08,2,7,0.77
2019-03-09,4,10,0.81
2019-03-10,7,11,0.86
2019-03-11,13,17,0.33
2019-03-12,8,20,0.35
2019-03-13,8,12,0.52
2019-03-14,15,17,0.57
2019-03-15,21,29,0.55
2019-03-16,10,26,0.34
2019-03-17,7,13,0.35
2019-03-18,7,10,0.5
2019-03-19,7,10,0.36
2019-03-20,8,10,0.48
2019-03-21,8,23,0.86
2019-03-22,8,31,0.6
2019-03-23,7,24,0.37
2019-03-24,11,11,0.42
2019-03-25,12,16,0.59
2019-03-26,7,21,0.4
2019-03-27,7,10,0.34
2019-03-28,10,14,0.57
2019-03-29,15,11,0.53
2019-03-30,18,16,0.55
2019-03-31,13,28,0.49
2019-04-01,5,20,0.35
2019-04-02,7,12,0.62
2019-04-03,13,16,0.45
2019-04-04,14,9,0.43
2019-04-05,10,13,0.69
2019-04-06,13,9,0.69
2019-04-07,17,14,0.68
2019-04-08,20,15,0.71
2019-04-09,21,15,0.59
2019-04-10,17,15,0.34
2019-04-11,13,18,0.54
2019-04-12,16,13,0.8
2019-04-13,19,9,0.82
2019-04-14,21,15,0.8
2019-04-15,16,27,0.61
2019-04-16,14,13,0.46
2019-04-17,17,14,0.54
2019-04-18,18,14,0.67
2019-04-19,21,23,0.78
2019-04-20,20,22,0.64
2019-04-21,17,12,0.51
2019-04-22,18,18,0.54
2019-04-23,20,13,0.56
2019-04-24,21,14,0.46
2019-04-25,20,10,0.5
2019-04-26,19,18,0.71
2019-04-27,17,25,0.33
2019-04-28,16,16,0.63
2019-04-29,13,14,0.6
2019-04-30,19,13,0.69
2019-05-01,18,14,0.76
2019-05-02,20,10,0.83
2019-05-03,22,13,0.78
2019-05-04,21,8,0.8
2019-05-05,18,15,0.88
2019-05-06,19,12,0.68
2019-05-07,21,14,0.71
2019-05-08,20,15,0.76
2019-05-09,20,12,0.75
2019-05-10,23,18,0.74
2019-05-11,18,12,0.79
2019-05-12,14,20,0.87
2019-05-13,12,13,0.83
2019-05-14,14,18,0.61
2019-05-15,18,15,0.47
2019-05-16,19,12,0.59
2019-05-17,21,12,0.68
2019-05-18,23,9,0.71
2019-05-19,24,15,0.73
2019-05-20,27,20,0.54
2019-05-21,20,21,0.46
2019-05-22,19,11,0.49
2019-05-23,22,18,0.73
2019-05-24,24,19,0.54
2019-05-25,23,14,0.66
2019-05-26,26,14,0.69
2019-05-27,25,13,0.64
2019-05-28,25,15,0.75
2019-05-29,29,16,0.59
2019-05-30,25,14,0.66
2019-05-31,25,11,0.61
2019-06-01,25,10,0.55
2019-06-02,24,15,0.65
2019-06-03,20,18,0.45
2019-06-04,20,14,0.43
2019-06-05,24,20,0.67
2019-06-06,27,14,0.61
2019-06-07,24,14,0.67
2019-06-08,24,19,0.6
2019-06-09,21,23,0.81
2019-06-10,21,10,0.88
2019-06-11,22,20,0.56
2019-06-12,21,13,0.56
2019-06-13,20,15,0.82
2019-06-14,20,18,0.5
2019-06-15,23,18,0.55
2019-06-16,26,18,0.6
2019-06-17,26,14,0.76
2019-06-18,24,14,0.83
2019-06-19,26,13,0.8
2019-06-20,27,17,0.76
2019-06-21,25,22,0.56
2019-06-22,24,15,0.42
2019-06-23,24,11,0.5
2019-06-24,25,11,0.71
2019-06-25,27,14,0.66
2019-06-26,28,14,0.49
2019-06-27,28,12,0.6
2019-06-28,28,10,0.64
2019-06-29,29,16,0.59
2019-06-30,28,22,0.5
2019-07-01,26,12,0.46
2019-07-02,26,16,0.67
2019-07-03,29,11,0.64
2019-07-04,27,11,0.75
2019-07-05,27,10,0.79
2019-07-06,27,14,0.8
2019-07-07,27,10,0.73
2019-07-08,24,18,0.84
2019-07-09,25,10,0.7
2019-07-10,26,14,0.66
2019-07-11,26,16,0.82
2019-07-12,27,13,0.69
2019-07-13,28,12,0.56
2019-07-14,30,12,0.55
2019-07-15,28,11,0.53
2019-07-16,30,12,0.66
2019-07-17,28,17,0.74
2019-07-18,30,12,0.67
2019-07-19,31,13,0.64
2019-07-20,32,13,0.59
2019-07-21,32,15,0.55
2019-07-22,29,16,0.65
2019-07-23,23,13,0.77
2019-07-24,24,13,0.67
2019-07-25,25,10,0.59
2019-07-26,26,8,0.56
2019-07-27,27,12,0.59
2019-07-28,28,11,0.59
2019-07-29,29,12,0.61
2019-07-30,29,16,0.58
2019-07-31,27,11,0.64
2019-08-01,27,11,0.64
2019-08-02,25,12,0.73
2019-08-03,27,10,0.71
2019-08-04,29,12,0.58
2019-08-05,27,10,0.6
2019-08-06,27,14,0.65
2019-08-07,26,17,0.74
2019-08-08,27,13,0.6
2019-08-09,29,16,0.46
2019-08-10,25,13,0.46
2019-08-11,25,12,0.49
2019-08-12,27,14,0.62
2019-08-13,27,13,0.72
2019-08-14,28,11,0.74
2019-08-15,26,12,0.78
2019-08-16,26,10,0.77
2019-08-17,28,9,0.73
2019-08-18,29,12,0.67
2019-08-19,30,11,0.61
2019-08-20,28,16,0.68
2019-08-21,27,14,0.71
2019-08-22,29,14,0.62
2019-08-23,22,17,0.82
2019-08-24,22,14,0.58
2019-08-25,22,16,0.61
2019-08-26,21,16,0.71
2019-08-27,22,9,0.73
2019-08-28,23,10,0.78
2019-08-29,25,14,0.51
2019-08-30,25,12,0.59
2019-08-31,27,12,0.58
2019-09-01,25,13,0.7
2019-09-02,25,13,0.79
2019-09-03,26,11,0.62
2019-09-04,28,15,0.72
2019-09-05,24,17,0.64
2019-09-06,22,21,0.66
2019-09-07,24,13,0.56
2019-09-08,24,9,0.56
2019-09-09,25,8,0.59
2019-09-10,25,12,0.68
2019-09-11,26,16,0.75
2019-09-12,29,14,0.64
2019-09-13,22,18,0.8
2019-09-14,24,14,0.7
2019-09-15,26,11,0.59
2019-09-16,26,8,0.6
2019-09-17,24,16,0.65
2019-09-18,21,11,0.61
2019-09-19,19,10,0.53
2019-09-20,20,12,0.62
2019-09-21,23,9,0.63
2019-09-22,27,10,0.65
2019-09-23,28,18,0.58
2019-09-24,24,18,0.49
2019-09-25,22,12,0.54
2019-09-26,24,13,0.63
2019-09-27,23,12,0.61
2019-09-28,24,11,0.79
2019-09-29,26,13,0.66
2019-09-30,22,11,0.78
2019-10-01,25,13,0.69
2019-10-02,29,13,0.62
2019-10-03,24,13,0.79
2019-10-04,22,23,0.58
2019-10-05,15,17,0.59
2019-10-06,20,13,0.73
2019-10-07,23,21,0.67
2019-10-08,18,26,0.66
2019-10-09,17,20,0.63
2019-10-10,19,16,0.58
2019-10-11,19,15,0.46
2019-10-12,18,10,0.66
2019-10-13,15,11,0.65
2019-10-14,18,10,0.64
2019-10-15,17,9,0.56
2019-10-16,16,15,0.86
2019-10-17,13,23,0.5
2019-10-18,13,17,0.49
2019-10-19,13,10,0.61
2019-10-20,14,21,0.92
2019-10-21,16,13,0.75
2019-10-22,16,12,0.92
2019-10-23,14,11,0.67
2019-10-24,13,8,0.7
2019-10-25,15,8,0.81
2019-10-26,16,9,0.74
2019-10-27,21,15,0.82
2019-10-28,16,11,0.68
2019-10-29,17,7,0.74
2019-10-30,17,6,0.84
2019-10-31,20,22,0.9
